taxon_level,taxon_id,taxon_name,change_class,change_class_avilist,change_class_id,change_class_desc,change_class_avilist_id,change_class_avilist_desc
sp,928,Ostrich,,,,,,
ssp,u928,Eastern Ostrich,,,,,,
sp,u2,Southern Cassowary,1a,,1a,Species split - allopatric,,
sp,1,Emu,,,,,,
ssp,u1a,Tasmanian Emu,,,,,,
ssp,u1b,Mainland Emu,,,,,,
ssp,u1c,King Island Emu,5a,2a,5a,Non-taxonomic change - scientific name ,2a,Species lump - allopatric
ssp,u1d,Kangaroo Island Emu,,2a,,,2a,Species lump - allopatric
sp,8,Australian Brush-turkey,,,,,,
ssp,u8a,Southern Australian Brush-turkey,,,,,,
ssp,u8b,Cape York Australian Brush-turkey,,,,,,
sp,u7,Malleefowl,,,,,,
sp,6,Orange-footed Scrubfowl,,,,,,
ssp,u6a,Southern Queensland Orange-footed Scrubfowl,,,,,,
ssp,u6b,Papuan Orange-footed Scrubfowl,,,,,,
ssp,u6c,Western Orange-footed Scrubfowl,,,,,,
ssp,u6d,Cape York Orange-footed Scrubfowl,,,,,,
sp,9939,Helmeted Guineafowl,,,,,,
ssp,u9939,Helmeted Guineafowl (ssp),,,,,,
sp,901,California Quail,,,,,,
ssp,u901,Western California Quail,,,,,,
sp,u903,Indian Peafowl,,,,,,
sp,u9,Stubble Quail,,,,,,
sp,11,Brown Quail,5a,,5a,Non-taxonomic change - scientific name ,,
ssp,u11a,Mainland Brown Quail,5a,,5a,Non-taxonomic change - scientific name ,,
ssp,u11b,Tasmanian Brown Quail,5a,,5a,Non-taxonomic change - scientific name ,,
sp,12,King Quail,,,,,,
ssp,u12a,Western King Quail,,,,,,
ssp,u12b,Eastern King Quail,,,,,,
sp,902,Red Junglefowl,,,,,,
ssp,u902,Red Junglefowl (ssp),,,,,,
sp,u752,Green Junglefowl,,,,,,
sp,950,Common Pheasant,,,,,,
ssp,u950,Common Pheasant (ssp),4c,,4c,Subspecies lump - indeterminate/unknown,,
sp,778,Wild Turkey,,,,,,
ssp,u778,South Mexican Wild Turkey,,,,,,
sp,u199,Magpie Goose,,,,,,
sp,u745,Spotted Whistling-Duck,,,,,,
sp,u205,Plumed Whistling-Duck,,,,,,
sp,204,Wandering Whistling-Duck,,,,,,
ssp,u204,Torresian Wandering Whistling-Duck,,,,,,
sp,u216,Blue-billed Duck,,,,,,
sp,217,Musk Duck,5c,,5c,Non-taxonomic change - taxon_id,,
ssp,u217a,Western Musk Duck,3a,,3a,Subspecies split - allopatric,,
ssp,u217b,Eastern Musk Duck,3a,,3a,Subspecies split - allopatric,,
sp,u213,Pink-eared Duck,,,,,,
sp,u214,Freckled Duck,,,,,,
sp,198,Cape Barren Goose,,,,,,
ssp,u198a,Recherche Cape Barren Goose,,,,,,
ssp,u198b,Eastern Cape Barren Goose,,,,,,
sp,u203,Black Swan,,,,,,
sp,206,Radjah Shelduck,,,,,,
ssp,u206,Torresian Radjah Shelduck,,,,,,
sp,u207,Australian Shelduck,,,,,,
sp,200,Cotton Pygmy-goose,,,,,,
ssp,u200,Australian Cotton Pygmy-goose,,,,,,
sp,u201,Green Pygmy-goose,,,,,,
sp,u202,Australian Wood Duck,,,,,,
sp,u215,Hardhead,,,,,,
sp,u212,Australasian Shoveler,4a,,4a,Subspecies lump - allopatric,,
sp,208,Pacific Black Duck,,,,,,
ssp,u208,Western Pacific Black Duck,,6b,,,6b,New listing - subspecies
sp,948,Mallard,5b,,5b,Non-taxonomic change - common name ,,
ssp,u948,Common Mallard,3a,,3a,Subspecies split - allopatric,,
sp,u211,Grey Teal,,,,,,
sp,u210,Chestnut Teal,,3c,,,3c,Subspecies split - indeterminate/unknown
sp,61,Australasian Grebe,,,,,,
ssp,u61,Australian Grebe,,,,,,
sp,u62,Hoary-headed Grebe,,,,,,
sp,60,Great Crested Grebe,,,,,,
ssp,u60,Australian Great Crested Grebe,,,,,,
sp,107,Red-tailed Tropicbird,,,,,,
ssp,u107a,Pacific Red-tailed Tropicbird,,,,,,
ssp,u107b,Indian Ocean Red-tailed Tropicbird,,,,,,
sp,108,White-tailed Tropicbird,,,,,,
ssp,u108a,Pacific White-tailed Tropicbird,,,,,,
ssp,u108b,Christmas Island White-tailed Tropicbird,,,,,,
ssp,u108c,Indian Ocean White-tailed Tropicbird,,,,,,
sp,957,Rock Dove,,,,,,
ssp,u957,Common Rock Dove,,,,,,
sp,756,Metallic Pigeon,5b,,5b,Non-taxonomic change - common name ,,
sp,u28,White-headed Pigeon,,,,,,
sp,940,Barbary Dove,5c,,5c,Non-taxonomic change - taxon_id,,
ssp,u940a,Barbary Dove (ssp roseogrisea),3c,,3c,Subspecies split - indeterminate/unknown,,
ssp,u940b,Barbary Dove (ssp arabica),3c,,3c,Subspecies split - indeterminate/unknown,,
sp,989,Spotted Dove,5a,,5a,Non-taxonomic change - scientific name ,,
ssp,u989a,Eastern Asian Spotted Dove,5a,,5a,Non-taxonomic change - scientific name ,,
ssp,u989b,Southern Asian Spotted Dove,5a,,5a,Non-taxonomic change - scientific name ,,
sp,988,Laughing Dove,5a,,5a,Non-taxonomic change - scientific name ,,
ssp,u988,African Laughing Dove,5a,,5a,Non-taxonomic change - scientific name ,,
sp,29,Brown Cuckoo-Dove,,,,,,
ssp,u29a,Southern Brown Cuckoo-Dove,,,,,,
ssp,u29b,Cape York Brown Cuckoo-Dove,,,,,,
ssp,u29c,Wet Tropics Brown Cuckoo-Dove,,,,,,
sp,u44,Wonga Pigeon,,,,,,
sp,u38,Chestnut-quilled Rock-Pigeon,,,,,,
sp,37,White-quilled Rock-Pigeon,,,,,,
ssp,u37a,Western White-quilled Rock-Pigeon,,,,,,
ssp,u37b,Stokes Range White-quilled Rock-Pigeon,,,,,,
sp,42,Spinifex Pigeon,,,,,,
ssp,u42a,Pilbara Spinifex Pigeon,,,,,,
ssp,u42b,Eastern Spinifex Pigeon,,,,,,
ssp,u42c,North-western Spinifex Pigeon,,,,,,
sp,39,Squatter Pigeon,,,,,,
ssp,u39a,Northern Squatter Pigeon,,,,,,
ssp,u39b,Southern Squatter Pigeon,,,,,,
sp,40,Partridge Pigeon,,,,,,
ssp,u40a,Western Partridge Pigeon,,,,,,
ssp,u40b,Eastern Partridge Pigeon,,,,,,
sp,u34,Common Bronzewing,,,,,,
sp,35,Brush Bronzewing,,,,,,
ssp,u35a,Eastern Brush Bronzewing,,,,,,
ssp,u35b,Western Brush Bronzewing,,,,,,
sp,u36,Flock Bronzewing,,,,,,
sp,43,Crested Pigeon,,,,,,
ssp,u43a,Eastern Crested Pigeon,,,,,,
ssp,u43b,Western Crested Pigeon,,,,,,
sp,u31,Diamond Dove,,,,,,
sp,30,Peaceful Dove,,,,,,
ssp,u30a,Pilbara Peaceful Dove,,,,,,
ssp,u30c,Eastern Peaceful Dove,,4a,,,4a,Subspecies lump - allopatric
sp,32,Bar-shouldered Dove,,,,,,
ssp,u32a,Pilbara Bar-shouldered Dove,,,,,,
ssp,u32b,Eastern Bar-shouldered Dove,,,,,,
ssp,u32c,Northern Bar-shouldered Dove,5c,,5c,Non-taxonomic change - taxon_id,,
sp,5065,Grey-capped Emerald-Dove,,,,,,
ssp,u5065,Christmas Island Grey-capped Emerald-Dove,,,,,,
sp,33,Brown-capped Emerald-Dove,,,,,,
ssp,u33a,Eastern Brown-capped Emerald-Dove,,,,,,
ssp,u33b,North-western Brown-capped Emerald-Dove,,,,,,
sp,u805,Christmas Island Imperial-Pigeon,,,,,,
sp,u793,Collared Imperial-Pigeon,,,,,,
sp,u8839,Torresian Imperial-Pigeon,,,,,,
sp,25,Wompoo Fruit-Dove,5c,,5c,Non-taxonomic change - taxon_id,,
ssp,u25a,Cape York Wompoo Fruit-Dove,5c,,5c,Non-taxonomic change - taxon_id,,
ssp,u25b,Wet Tropics Wompoo Fruit-Dove,5c,,5c,Non-taxonomic change - taxon_id,,
ssp,u25c,Southern Wompoo Fruit-Dove,5c,,5c,Non-taxonomic change - taxon_id,,
sp,u24,Black-banded Fruit-Dove,5b,,5b,Non-taxonomic change - common name ,,
sp,u23,Superb Fruit-Dove,1a,,1a,Species split - allopatric,,
sp,21,Rose-crowned Fruit-Dove,,,,,,
ssp,u21a,Western Rose-crowned Fruit-Dove,,,,,,
ssp,u21b,Eastern Rose-crowned Fruit-Dove,,,,,,
sp,737,New Zealand Pigeon,,,,,,
ssp,u737,Norfolk Island New Zealand Pigeon,,,,,,
sp,u27,Topknot Pigeon,,,,,,
sp,314,Marbled Frogmouth,,,,,,
ssp,u314a,Cape York Marbled Frogmouth,,,,,,
ssp,u314b,Plumed Frogmouth,,,,,,
sp,u316,Papuan Frogmouth,4a,,4a,Subspecies lump - allopatric,,
sp,313,Tawny Frogmouth,,,,,,
ssp,u313a,Western Tawny Frogmouth,,,,,,
ssp,u313b,Northern Tawny Frogmouth,,,,,,
ssp,u313c,Eastern Tawny Frogmouth,,,,,,
sp,u331,Spotted Nightjar,,,,,,
sp,u330,White-throated Nightjar,,,,,,
sp,332,Large-tailed Nightjar,,,,,,
ssp,u332,Australasian Large-tailed Nightjar,,,,,,
sp,317,Australian Owlet-nightjar,,,,,,
ssp,u317a,Mainland Australian Owlet-nightjar,,,,,,
ssp,u317b,Tasmanian Australian Owlet-nightjar,,,,,,
sp,334,White-throated Needletail,,,,,,
ssp,u334,Eastern White-throated Needletail,,,,,,
sp,u9925,Christmas Island Swiftlet,,1a,,,1a,Species split - allopatric
sp,333,Australian Swiftlet,,,,,,
ssp,u333a,Chillagoe Australian Swiftlet,,,,,,
ssp,u333b,Coastal Australian Swiftlet,,,,,,
sp,335,Fork-tailed Swift,,,,,,
ssp,u335,Eastern Fork-tailed Swift,,,,,,
sp,349,Pheasant Coucal,,,,,,
ssp,u349b,Northern Pheasant Coucal,,,,,,
ssp,u349a,Eastern Pheasant Coucal,,,,,,
ssp,u349c,Papuan Pheasant Coucal,,,,,,
sp,347,Eastern Koel,,,,,,
ssp,u347a,South-east Eastern Koel,,,,,,
ssp,u347b,Torresian Eastern Koel,5c,,5c,Non-taxonomic change - taxon_id,,
sp,348,Channel-billed Cuckoo,,,,,,
ssp,u348,Australian Channel-billed Cuckoo,,,,,,
sp,u342,Horsfield's Bronze-Cuckoo,,,,,,
sp,u341,Black-eared Cuckoo,,,,,,
sp,344,Shining Bronze-Cuckoo,,,,,,
ssp,u344a,New Zealand Shining Bronze-Cuckoo,,,,,,
ssp,u344b,Australian Shining Bronze-Cuckoo,,,,,,
sp,345,Little Bronze-Cuckoo,,,,,,
ssp,u345a,Eastern Little Bronze-Cuckoo,,,,,,
ssp,u345b,Western Little Bronze-Cuckoo,,,,,,
ssp,u345c,Gould's Bronze-Cuckoo,,,,,,
sp,u340,Chestnut-breasted Cuckoo,,4a,,,4a,Subspecies lump - allopatric
sp,338,Fan-tailed Cuckoo,,,,,,
ssp,u338,Australian Fan-tailed Cuckoo,,,,,,
sp,339,Brush Cuckoo,,,,,,
ssp,u339,Southern Brush Cuckoo,4b,,4b,Subspecies lump - parapatric,,
sp,u337,Pallid Cuckoo,,,,,,
sp,u336,Oriental Cuckoo,1a,,1a,Species split - allopatric,,
sp,u48,Red-necked Crake,,,,,,
sp,45,Lewin's Rail,,,,,,
ssp,u45a,Tasmanian Lewin's Rail,,,,,,
ssp,u45b,Western Australian Lewin's Rail,,,,,,
ssp,u45c,Eastern Australian Lewin's Rail,,,,,,
sp,47,Chestnut Rail,,,,,,
ssp,u47,Australian Chestnut Rail,,,,,,
sp,u966,Lord Howe Woodhen,,,,,,
sp,46,Buff-banded Rail,,,,,,
ssp,u46a,Cocos Keeling Buff-banded Rail,,,,,,
ssp,u46b,Macquarie Island Buff-banded Rail,,,,,,
ssp,u46c,Australian Buff-banded Rail,,,,,,
ssp,u46d,Coral Sea Buff-banded Rail,3a,,3a,Subspecies split - allopatric,,
sp,u49,Australian Spotted Crake,,,,,,
sp,50,Baillon's Crake,,,,,,
ssp,u50,Torresian Baillon's Crake,,,,,,
sp,u51,Spotless Crake,,4a,,,4a,Subspecies lump - allopatric
sp,53,Pale-vented Bush-hen,,,,,,
ssp,u53,Torresian Pale-vented Bush-hen,,,,,,
sp,768,White-breasted Waterhen,,,,,,
ssp,u768,Eastern White-breasted Waterhen,,,,,,
sp,u52,White-browed Crake,,,,,,
sp,58,Purple Swamphen,,,,,,
ssp,u58a,Western Australian Purple Swamphen,,,,,,
ssp,u58b,Australasian Purple Swamphen,,,,,,
sp,u746,White Gallinule,,,,,,
sp,56,Dusky Moorhen,,,,,,
ssp,u56,Australian Dusky Moorhen,,,,,,
sp,u55,Black-tailed Native-hen,,,,,,
sp,u54,Tasmanian Native-hen,,,,,,
sp,59,Eurasian Coot,,,,,,
ssp,u59,Australian Eurasian Coot,,,,,,
sp,898,Sarus Crane,5a,,5a,Non-taxonomic change - scientific name ,,
ssp,u898,Australian Sarus Crane,5a,,5a,Non-taxonomic change - scientific name ,,
sp,u177,Brolga,5a,,5a,Non-taxonomic change - scientific name ,,
sp,u176,Australian Bustard,,,,,,
sp,u927,King Penguin,,,,,,
sp,926,Gentoo Penguin,,,,,,
ssp,u926,Subantarctic Gentoo Penguin,,,,,,
sp,u968,Royal Penguin,,,,,,
sp,u8005,Macaroni Penguin,,,,,,
sp,u3,Eastern Rockhopper Penguin,5c,1a,5c,Non-taxonomic change - taxon_id,1a,Species split - allopatric
sp,u4,Fiordland Penguin,,,,,,
sp,u923,Snares Penguin,,,,,,
sp,5,Little Penguin,,,,,,
ssp,u5,Australian Little Penguin,,,,,,
sp,63,Wilson's Storm-Petrel,,,,,,
ssp,u63a,Antarctic Wilson's Storm-Petrel,,,,,,
ssp,u63b,Subantarctic Wilson's Storm-Petrel,,,,,,
sp,u64,Grey-backed Storm-Petrel,,,,,,
sp,65,White-faced Storm-Petrel,,,,,,
ssp,u65,Australian White-faced Storm-Petrel,,,,,,
sp,944,White-bellied Storm-Petrel,,,,,,
ssp,u944,Tasman White-bellied Storm-Petrel,,,,,,
sp,u5136,New Caledonian Storm-Petrel,,6a,,,6a,New listing - species
sp,66,Black-bellied Storm-Petrel,,,,,,
ssp,u66a,Black-bellied Storm-Petrel (ssp tropica),3c,,3c,Subspecies split - indeterminate/unknown,,
ssp,u66b,Black-bellied Storm-Petrel (ssp melanoleuca),3c,,3c,Subspecies split - indeterminate/unknown,,
sp,u802,Matsudaira's Storm-Petrel,,,,,,
sp,u812,Swinhoe's Storm-Petrel,,,,,,
sp,u973,Northern Royal Albatross,,,,,,
sp,u974,Southern Royal Albatross,,,,,,
sp,u86,Wandering Albatross,,,,,,
sp,846,Antipodean Albatross,,,,,,
ssp,u846b,Eastern Antipodean Albatross,,,,,,
ssp,u846a,Gibson's Albatross,,,,,,
sp,u748,Amsterdam Albatross,,,,,,
sp,u845,Tristan Albatross,,,,,,
sp,u92,Sooty Albatross,,,,,,
sp,u93,Light-mantled Sooty Albatross,,,,,,
sp,u864,Indian Yellow-nosed Albatross,,,,,,
sp,u90,Grey-headed Albatross,,,,,,
sp,u88,Black-browed Albatross,,2b,,,2b,Species lump - parapatric
sp,u859,Campbell Albatross,,2b,,,2b,Species lump - parapatric
sp,931,Buller's Albatross,,,,,,
ssp,u931a,Southern Buller's Albatross,,,,,,
ssp,u931b,Northern Buller's Albatross,,,,,,
sp,u91,Shy Albatross,,2b,,,2b,Species lump - parapatric
sp,u861,White-capped Albatross,,2b,,,2b,Species lump - parapatric
sp,u862,Salvin's Albatross,,,,,,
sp,u937,Northern Giant-Petrel,,,,,,
sp,u929,Southern Giant-Petrel,,,,,,
sp,u74,Southern Fulmar,,,,,,
sp,80,Cape Petrel,,,,,,
ssp,u80a,Northern Cape Petrel,,,,,,
ssp,u80b,Southern Cape Petrel,,,,,,
sp,u81,Blue Petrel,,,,,,
sp,u82,Broad-billed Prion,,,,,,
sp,u941,Salvin's Prion,1a,,1a,Species split - allopatric,,
sp,u84,Antarctic Prion,,,,,,
sp,u942,Slender-billed Prion,,,,,,
sp,83,Fairy Prion,4c,,4c,Subspecies lump - indeterminate/unknown,,
ssp,u83a,Northern Fairy Prion,,3c,,,3c,Subspecies split - indeterminate/unknown
ssp,u83b,Southern Fairy Prion,,3c,,,3c,Subspecies split - indeterminate/unknown
sp,947,Fulmar Prion,,,,,,
ssp,u947,Southern Fulmar Prion,,,,,,
sp,u935,Kerguelen Petrel,,,,,,
sp,78,Gould's Petrel,,,,,,
ssp,u78a,New Caledonian Gould's Petrel,,2a,,,2a,Species lump - allopatric
ssp,u78b,Australian Gould's Petrel,,2a,,,2a,Species lump - allopatric
sp,u5007,Pycroft's Petrel,,,,,,
sp,u955,Black-winged Petrel,,,,,,
sp,u971,Providence Petrel,,,,,,
sp,922,Kermadec Petrel,,,,,,
ssp,u922,Western Kermadec Petrel,,,,,,
sp,u921,Herald Petrel,,,,,,
sp,u919,Mottled Petrel,,,,,,
sp,774,White-necked Petrel,,,,,,
ssp,u774a,White-necked Petrel (subspecies),5b,,5b,Non-taxonomic change - common name ,,
sp,u76,Soft-plumaged Petrel,,,,,,
sp,u77,White-headed Petrel,,,,,,
sp,u75,Great-winged Petrel,,,,,,
sp,u8681,Grey-faced Petrel,,,,,,
sp,u73,Grey Petrel,,,,,,
sp,u915,White-chinned Petrel,,,,,,
sp,u916,Westland Petrel,,,,,,
sp,u917,Black Petrel,,,,,,
sp,u69,Wedge-tailed Shearwater,5c,4a,5c,Non-taxonomic change - taxon_id,4a,Subspecies lump - allopatric
sp,u975,Buller's Shearwater,,,,,,
sp,u71,Short-tailed Shearwater,,,,,,
sp,u70,Sooty Shearwater,,,,,,
sp,u72,Flesh-footed Shearwater,,,,,,
sp,u853,Streaked Shearwater,,,,,,
sp,u68,Fluttering Shearwater,,,,,,
sp,u913,Hutton's Shearwater,,,,,,
sp,u5069,Subantarctic Shearwater,,,,,,
sp,67,Little Shearwater,,,,,,
ssp,u67a,Tasman Little Shearwater,,,,,,
ssp,u67b,Western Australian Little Shearwater,5c,,5c,Non-taxonomic change - taxon_id,,
sp,920,Tahiti Petrel,,,,,,
ssp,u920a,Pacific Tahiti Petrel,,,,,,
ssp,u920b,New Caledonian Tahiti Petrel,,,,,,
sp,u776,Bulwer's Petrel,,,,,,
sp,u910,South Georgia Diving-Petrel,6a,2a,6a,New listing - species,2a,Species lump - allopatric
ssp,u910a,South Georgian Diving-Petrel,,2a,,,2a,Species lump - allopatric
ssp,u910b,Whenua Hou Diving-Petrel,,2a,,,2a,Species lump - allopatric
sp,85,Common Diving-Petrel,,,,,,
ssp,u85a,Subantarctic Diving-Petrel,5b,,5b,Non-taxonomic change - common name ,,
ssp,u85b,Australasian Common Diving-Petrel,,,,,,
sp,183,Black-necked Stork,,,,,,
ssp,u183,Torresian Black-necked Stork,,,,,,
sp,u182,Yellow-billed Spoonbill,,,,,,
sp,u181,Royal Spoonbill,,,,,,
sp,179,Australian White Ibis,5c,,5c,Non-taxonomic change - taxon_id,,
ssp,u179,Australian White Ibis (nominate subspecies),3c,,3c,Subspecies split - indeterminate/unknown,,
sp,u180,Straw-necked Ibis,,,,,,
sp,u178,Glossy Ibis,,,,,,
sp,u197,Australasian Bittern,,,,,,
sp,u195,Australian Little Bittern,,,,,,
sp,196,Black Bittern,,,,,,
ssp,u196a,Torresian Black Bittern,,,,,,
sp,192,Nankeen Night-Heron,,,,,,
ssp,u192,Torresian Nankeen Night-Heron,,,,,,
sp,193,Little Heron,,1a,,,1a,Species split - allopatric
ssp,u193a,Eastern Little Heron,3a,4b,3a,Subspecies split - allopatric,4b,Subspecies lump - parapatric
ssp,u193b,Western Little Heron,3a,4b,3a,Subspecies split - allopatric,4b,Subspecies lump - parapatric
sp,u977,Eastern Cattle Egret,5a,1a,5a,Non-taxonomic change - scientific name ,1a,Species split - allopatric
sp,u189,White-necked Heron,,,,,,
sp,u184,Great-billed Heron,,,,,,
sp,187,Great Egret,,,,,,
ssp,u187,Eastern Great Egret,,,,,,
sp,u186,Plumed Egret,1a,,1a,Species split - allopatric,,
sp,u190,Pied Heron,,,,,,
sp,u188,White-faced Heron,,1a,,,1a,Species split - allopatric
sp,185,Little Egret,,,,,,
ssp,u185b,Australasian Little Egret,5a,,5a,Non-taxonomic change - scientific name ,,
sp,191,Eastern Reef Egret,,,,,,
ssp,u191,Common Eastern Reef Egret,,,,,,
sp,u106,Australian Pelican,,,,,,
sp,95,Lesser Frigatebird,,,,,,
ssp,u95,Indo-Pacific Lesser Frigatebird,,,,,,
sp,94,Great Frigatebird,5c,,5c,Non-taxonomic change - taxon_id,,
ssp,u94,Indo-Pacific Great Frigatebird,3c,,3c,Subspecies split - indeterminate/unknown,,
sp,u909,Christmas Island Frigatebird,,,,,,
sp,u854,Abbott's Booby,,,,,,
sp,u104,Australasian Gannet,,,,,,
sp,103,Red-footed Booby,,,,,,
ssp,u103,Indo-Pacific Red-footed Booby,,,,,,
sp,102,Brown Booby,,,,,,
ssp,u102,Indo-Pacific Brown Booby,,,,,,
sp,105,Masked Booby,,,,,,
ssp,u105a,Indo-Pacific Masked Booby,,,,,,
ssp,u105b,Tasman Booby,,,,,,
sp,100,Little Pied Cormorant,,,,,,
ssp,u100,Australasian Little Pied Cormorant,,,,,,
sp,970,Imperial Shag,5a,,5a,Non-taxonomic change - scientific name ,,
ssp,u970a,Heard Island Imperial Shag,5a,,5a,Non-taxonomic change - scientific name ,,
ssp,u970b,Macquarie Island Imperial Shag,5a,,5a,Non-taxonomic change - scientific name ,,
sp,96,Great Cormorant,,,,,,
ssp,u96,Australasian Great Cormorant,5a,,5a,Non-taxonomic change - scientific name ,,
sp,u97,Little Black Cormorant,,,,,,
sp,u98,Black-faced Cormorant,,,,,,
sp,99,Great Pied Cormorant,5b,,5b,Non-taxonomic change - common name ,,
ssp,u99,Australian Great Pied Cormorant,5b,,5b,Non-taxonomic change - common name ,,
sp,101,Australasian Darter,,,,,,
ssp,u101,Australian Darter,,,,,,
sp,u174,Bush Stone-curlew,,,,,,
sp,u175,Beach Stone-curlew,,,,,,
sp,767,Black-faced Sheathbill,,,,,,
ssp,u767,Heard Island Black-faced Sheathbill,,,,,,
sp,u130,Australian Pied Oystercatcher,,,,,,
sp,131,Sooty Oystercatcher,,,,,,
ssp,u131a,Southern Sooty Oystercatcher,,,,,,
ssp,u131b,Northern Sooty Oystercatcher,5a,,5a,Non-taxonomic change - scientific name ,,
sp,u147,Banded Stilt,,,,,,
sp,u148,Red-necked Avocet,,,,,,
sp,u146,Pied Stilt,1a,,1a,Species split - allopatric,,
sp,136,Grey Plover,,,,,,
ssp,u136a,Eastern Grey Plover,5c,,5c,Non-taxonomic change - taxon_id,,
ssp,u136b,Wrangel Island Grey Plover,6b,,6b,New listing - subspecies,,
sp,u137,Pacific Golden Plover,,,,,,
sp,u143,Red-capped Plover,,,,,,
sp,140,Double-banded Plover,,,,,,
ssp,u140,New Zealand Double-banded Plover,,,,,,
sp,139,Lesser Sand Plover,,,,,,
ssp,u139a,Mongolian Lesser Sand Plover,,,,,,
ssp,u139b,Kamchatkan Lesser Sand Plover,,,,,,
sp,141,Greater Sand Plover,,,,,,
ssp,u141,Eastern Greater Sand Plover,5b,,5b,Non-taxonomic change - common name ,,
sp,u142,Oriental Plover,,,,,,
sp,138,Hooded Plover,,,,,,
ssp,u138a,Eastern Hooded Plover,,,,,,
ssp,u138b,Western Hooded Plover,,,,,,
sp,u144,Black-fronted Dotterel,,,,,,
sp,u135,Banded Lapwing,,,,,,
sp,133,Masked Lapwing,,,,,,
ssp,u133a,Northern Masked Lapwing,,,,,,
ssp,u133b,Southern Masked Lapwing,,,,,,
sp,u132,Red-kneed Dotterel,,,,,,
sp,u145,Inland Dotterel,5a,,5a,Non-taxonomic change - scientific name ,,
sp,u20,Plains-wanderer,,,,,,
sp,u170,Australian Painted-Snipe,5b,,5b,Non-taxonomic change - common name ,,
sp,u171,Comb-crested Jacana,,,,,,
sp,150,Eurasian Whimbrel,,1a,,,1a,Species split - allopatric
ssp,u150,Eastern Siberian Whimbrel,,1a,,,1a,Species split - allopatric
sp,u151,Little Curlew,,,,,,
sp,u149,Far Eastern Curlew,5b,,5b,Non-taxonomic change - common name ,,
sp,153,Bar-tailed Godwit,,,,,,
ssp,u153a,Alaskan Bar-tailed Godwit,5b,,5b,Non-taxonomic change - common name ,,
ssp,u153b,Yakutian Bar-tailed Godwit,5b,,5b,Non-taxonomic change - common name ,,
sp,152,Black-tailed Godwit,,,,,,
ssp,u152,Eastern Black-tailed Godwit,5b,,5b,Non-taxonomic change - common name ,,
sp,129,Ruddy Turnstone,,,,,,
ssp,u129,Palaearctic Ruddy Turnstone,,,,,,
sp,u165,Great Knot,,,,,,
sp,164,Red Knot,,,,,,
ssp,u164a,New Siberian Islands Red Knot,,,,,,
ssp,u164b,North-eastern Siberian Red Knot,,,,,,
sp,167,Broad-billed Sandpiper,,,,,,
ssp,u167,Eastern Siberian Broad-billed Sandpiper,,,,,,
sp,u163,Sharp-tailed Sandpiper,,,,,,
sp,u161,Curlew Sandpiper,,,,,,
sp,u965,Long-toed Stint,,,,,,
sp,u162,Red-necked Stint,,,,,,
sp,166,Sanderling,,,,,,
ssp,u166,Eastern Sanderling,,,,,,
sp,u978,Pectoral Sandpiper,,,,,,
sp,u939,Asian Dowitcher,,,,,,
sp,u168,Latham's Snipe,,,,,,
sp,u852,Pintail Snipe,,,,,,
sp,u169,Swinhoe's Snipe,,,,,,
sp,u932,Red-necked Phalarope,,,,,,
sp,u160,Terek Sandpiper,,,,,,
sp,u157,Common Sandpiper,,,,,,
sp,u155,Grey-tailed Tattler,,,,,,
sp,u156,Wandering Tattler,,,,,,
sp,u158,Common Greenshank,,,,,,
sp,u154,Wood Sandpiper,,,,,,
sp,u159,Marsh Sandpiper,,,,,,
sp,13,Red-backed Button-quail,,,,,,
ssp,u13,Australian Red-backed Button-quail,5a,,5a,Non-taxonomic change - scientific name ,,
sp,u17,Black-breasted Button-quail,,,,,,
sp,14,Painted Button-quail,,,,,,
ssp,u14b,Houtman Abrolhos Painted Button-quail,,,,,,
ssp,u14a,Australian Painted Button-quail,,,,,,
sp,u16,Buff-breasted Button-quail,,,,,,
sp,u15,Chestnut-backed Button-quail,,,,,,
sp,u19,Red-chested Button-quail,,,,,,
sp,u18,Little Button-quail,,,,,,
sp,u173,Australian Pratincole,,,,,,
sp,u172,Oriental Pratincole,,,,,,
sp,122,Brown Noddy,5b,,5b,Non-taxonomic change - common name ,,
ssp,u122,Indo-Pacific Brown Noddy,5b,,5b,Non-taxonomic change - common name ,,
sp,123,Lesser Noddy,,,,,,
ssp,u123,Houtman Abrolhos Lesser Noddy,,,,,,
sp,124,Black Noddy,,,,,,
ssp,u124,Indo-Pacific Black Noddy,,,,,,
sp,982,Grey Noddy,5a,,5a,Non-taxonomic change - scientific name ,,
ssp,u982,Tasman Grey Noddy,5a/c,,5a/c,Non-taxonomic change - scientific name  and taxon_id,,
sp,972,Common White Tern,,5a/b,,,5a/b,Non-taxonomic change - scientific and common names
ssp,u972,Indo-Pacific White Tern,,5a/b,,,5a/b,Non-taxonomic change - scientific and common names
sp,125,Silver Gull,5a,3b,5a,Non-taxonomic change - scientific name ,3b,Subspecies split - parapatric
ssp,u125,Australian Silver Gull,5a,,5a,Non-taxonomic change - scientific name ,,
sp,126,Pacific Gull,,,,,,
ssp,u126a,West Coast Pacific Gull,,,,,,
ssp,u126b,East Coast Pacific Gull,,,,,,
sp,981,Kelp Gull,,,,,,
ssp,u981a,Southern Atlantic-Pacific Kelp Gull,3c,4c,3c,Subspecies split - indeterminate/unknown,4c,Subspecies lump - indeterminate/unknown
ssp,u981b,Indian Ocean Kelp Gull,3c,,3c,Subspecies split - indeterminate/unknown,,
sp,120,Sooty Tern,,,,,,
ssp,u120a,Indian Ocean Sooty Tern,5a,,5a,Non-taxonomic change - scientific name ,,
ssp,u120b,Pacific Sooty Tern,5a,,5a,Non-taxonomic change - scientific name ,,
sp,121,Bridled Tern,,,,,,
ssp,u121a,Indo-Pacific Bridled Tern,,,,,,
sp,117,Little Tern,,,,,,
ssp,u117a,Tasman Little Tern,3a,,3a,Subspecies split - allopatric,,
ssp,u117b,Indo-Pacific Little Tern,3a,,3a,Subspecies split - allopatric,,
sp,118,Fairy Tern,,,,,,
ssp,u118a,New Caledonian Fairy Tern,3a,,3a,Subspecies split - allopatric,,
ssp,u118b,Australian Fairy Tern,3a,,3a,Subspecies split - allopatric,,
sp,111,Common Gull-billed Tern,,,,,,
ssp,u111,Asian Gull-billed Tern,,,,,,
sp,u8794,Australian Gull-billed Tern,,,,,,
sp,u112,Caspian Tern,,,,,,
sp,110,Whiskered Tern,,,,,,
ssp,u110,Eastern Whiskered Tern,,,,,,
sp,u109,White-winged Black Tern,,,,,,
sp,113,Roseate Tern,,,,,,
ssp,u113a,Australasian Roseate Tern,,,,,,
sp,114,White-fronted Tern,5c,,5c,Non-taxonomic change - taxon_id,,
ssp,u114a,Furneaux White-fronted Tern,3a,,3a,Subspecies split - allopatric,,
ssp,u114b,New Zealand White-fronted Tern,3a,,3a,Subspecies split - allopatric,,
sp,119,Black-naped Tern,,,,,,
ssp,u119,Australasian Black-naped Tern,,,,,,
sp,953,Common Tern,,,,,,
ssp,u953b,Siberian Common Tern,,,,,,
sp,985,Antarctic Tern,,,,,,
ssp,u985a,New Zealand Antarctic Tern,,,,,,
ssp,u985b,Indian Ocean Antarctic Tern,,,,,,
sp,116,Lesser Crested Tern,,,,,,
ssp,u116,Eastern Lesser Crested Tern,,,,,,
sp,u115,Greater Crested Tern,4a,,4a,Subspecies lump - allopatric,,
sp,933,Long-tailed Jaeger,5c,,5c,Non-taxonomic change - taxon_id,,
ssp,u933,Arctic Long-tailed Jaeger,3c,,3c,Subspecies split - indeterminate/unknown,,
sp,u128,Arctic Jaeger,,,,,,
sp,u945,Pomarine Jaeger,,,,,,
sp,127,Brown Skua,5a,,5a,Non-taxonomic change - scientific name ,,
ssp,u127,Subantarctic Brown Skua,5a,,5a,Non-taxonomic change - scientific name ,,
sp,252,Eastern Grass Owl,,,,,,
ssp,u252,Australian Eastern Grass Owl,,,,,,
sp,253,Sooty Owl,5c,2a,5c,Non-taxonomic change - taxon_id,2a,Species lump - allopatric
ssp,u253a,Greater Sooty Owl,3a,2a,3a,Subspecies split - allopatric,2a,Species lump - allopatric
sp,u253b,Lesser Sooty Owl,,2a,,,2a,Species lump - allopatric
sp,250,Masked Owl,,,,,,
ssp,u250a,Tasmanian Masked Owl,,,,,,
ssp,u250f,Cape York Masked Owl,3a,,3a,Subspecies split - allopatric,,
ssp,u250c,Northern Masked Owl,3a,,3a,Subspecies split - allopatric,,
ssp,u250d,Tiwi Masked Owl,5c,,5c,Non-taxonomic change - taxon_id,,
ssp,u250e,Southern Masked Owl,5c,,5c,Non-taxonomic change - taxon_id,,
sp,249,Eastern Barn Owl,,1a,,,1a,Species split - allopatric
ssp,u249,Barn Owl ssp.,,1a,,,1a,Species split - allopatric
sp,247,Rufous Owl,,,,,,
ssp,u247a,Cape York Rufous Owl,,,,,,
ssp,u247b,Eastern Rufous Owl,,,,,,
ssp,u247c,North-western Rufous Owl,,,,,,
sp,u248,Powerful Owl,,,,,,
sp,246,Barking Owl,,,,,,
ssp,u246a,Papuan Barking Owl,,,,,,
ssp,u246b,Southern Barking Owl,,,,,,
ssp,u246c,Northern Barking Owl,,,,,,
sp,242,Southern Boobook,,,,,,
ssp,u242a,South-eastern Boobook,4a,,4a,Subspecies lump - allopatric,,
ssp,u242b,Red Boobook,5c,,5c,Non-taxonomic change - taxon_id,,
ssp,u242c,Western Boobook,5c,,5c,Non-taxonomic change - taxon_id,,
sp,u8741,Tasmanian Boobook,5c,,5c,Non-taxonomic change - taxon_id,,
sp,9922,Tasman Morepork,5b,,5b,Non-taxonomic change - common name ,,
ssp,u9922a,Lord Howe Morepork,5b,,5b,Non-taxonomic change - common name ,,
ssp,u9922b,Norfolk Island Morepork,5b,,5b,Non-taxonomic change - common name ,,
sp,u807,Christmas Island Boobook,5b,,5b,Non-taxonomic change - common name ,,
sp,241,Osprey,,,,,,
ssp,u241a,Eastern Osprey,,,,,,
sp,u232,Black-shouldered Kite,,,,,,
sp,u233,Letter-winged Kite,,,,,,
sp,u231,Black-breasted Buzzard,,,,,,
sp,u230,Square-tailed Kite,,,,,,
sp,234,Pacific Baza,,,,,,
ssp,u234,Australian Pacific Baza,,,,,,
sp,224,Wedge-tailed Eagle,,,,,,
ssp,u224a,Mainland Wedge-tailed Eagle,,,,,,
ssp,u224b,Tasmanian Wedge-tailed Eagle,,,,,,
sp,u225,Little Eagle,,,,,,
sp,u219,Swamp Harrier,5c,,5c,Non-taxonomic change - taxon_id,,
sp,u218,Spotted Harrier,,,,,,
sp,u220,Grey Goshawk,,,,,,
sp,221,Brown Goshawk,,,,,,
ssp,u221a,Northern Brown Goshawk,,,,,,
ssp,u221b,Papuan Brown Goshawk,,,,,,
ssp,u221c,Southern Brown Goshawk,,,,,,
ssp,u221d,Christmas Island Goshawk,,,,,,
sp,222,Collared Sparrowhawk,,,,,,
ssp,u222,Australian Collared Sparrowhawk,5a,,5a,Non-taxonomic change - scientific name ,,
sp,u223,Red Goshawk,,,,,,
sp,u226,White-bellied Sea-Eagle,,,,,,
sp,u228,Whistling Kite,,,,,,
sp,227,Brahminy Kite,,,,,,
ssp,u227,Torresian Brahminy Kite,,,,,,
sp,229,Black Kite,,,,,,
ssp,u229,Torresian Black Kite,,,,,,
sp,u329,Rainbow Bee-eater,,,,,,
sp,318,Oriental Dollarbird,5b,,5b,Non-taxonomic change - common name ,,
ssp,u318,Eastern Dollarbird,,,,,,
sp,320,Little Kingfisher,,,,,,
ssp,u320a,Eastern Little Kingfisher,,,,,,
ssp,u320b,Papuan Little Kingfisher,5a,,5a,Non-taxonomic change - scientific name ,,
ssp,u320c,Western Little Kingfisher,,,,,,
sp,319,Azure Kingfisher,,,,,,
ssp,u319a,Southern Azure Kingfisher,5a,,5a,Non-taxonomic change - scientific name ,,
ssp,u319b,Tasmanian Azure Kingfisher,,,,,,
ssp,u319c,Northern Azure Kingfisher,,,,,,
sp,321,Yellow-billed Kingfisher,,,,,,
ssp,u321,Australian Yellow-billed Kingfisher,,,,,,
sp,324,Forest Kingfisher,,,,,,
ssp,u324a,Eastern Forest Kingfisher,,,,,,
ssp,u324b,Top End Forest Kingfisher,,,,,,
sp,327,Torresian Kingfisher,,1a,,,1a,Species split - allopatric
ssp,u327a,South-eastern Torresian Kingfisher,,5b,,,5b,Non-taxonomic change - common name 
ssp,u327b,Pilbara Torresian Kingfisher,,5b,,,5b,Non-taxonomic change - common name 
ssp,u327c,Northern Torresian Kingfisher,,5b,,,5b,Non-taxonomic change - common name 
sp,326,Sacred Kingfisher,,,,,,
ssp,u326b,Australian Sacred Kingfisher,,,,,,
ssp,u326c,Tasman Sacred Kingfisher,4a,,4a,Subspecies lump - allopatric,,
sp,u325,Red-backed Kingfisher,,,,,,
sp,328,Buff-breasted Paradise-Kingfisher,,,,,,
ssp,u328,Australian Buff-breasted Paradise-Kingfisher,,,,,,
sp,322,Laughing Kookaburra,,,,,,
ssp,u322a,Cape York Laughing Kookaburra,,,,,,
ssp,u322b,Southern Laughing Kookaburra,,,,,,
sp,323,Blue-winged Kookaburra,,,,,,
ssp,u323c,Tiwi Blue-winged Kookaburra,3a,,3a,Subspecies split - allopatric,,
ssp,u323a,Northern Blue-winged Kookaburra,3a,,3a,Subspecies split - allopatric,,
ssp,u323b,Pilbara Blue-winged Kookaburra,,,,,,
sp,240,Nankeen Kestrel,,,,,,
ssp,u240,Australasian Nankeen Kestrel,,,,,,
sp,235,Australian Hobby,,,,,,
ssp,u235a,Southern Australian Hobby,,,,,,
ssp,u235b,Inland Australian Hobby,,,,,,
sp,239,Brown Falcon,,,,,,
ssp,u239,Australian Brown Falcon,3a,3c,3a,Subspecies split - allopatric,3c,Subspecies split - indeterminate/unknown
sp,u236,Grey Falcon,,,,,,
sp,u238,Black Falcon,,,,,,
sp,237,Peregrine Falcon,,,,,,
ssp,u237a,Australian Peregrine Falcon,3b,,3b,Subspecies split - parapatric,,
sp,u742,Norfolk Island Kaka,,,,,,
sp,u274,Cockatiel,,,,,,
sp,264,Red-tailed Black-Cockatoo,,,,,,
ssp,u264a,Northern Red-tailed Black-Cockatoo,4a,,4a,Subspecies lump - allopatric,,
ssp,u264b,South-eastern Red-tailed Black-Cockatoo,,,,,,
ssp,u264d,Forest Red-tailed Black-Cockatoo,,,,,,
ssp,u264e,Inland Red-tailed Black-Cockatoo,3a,,3a,Subspecies split - allopatric,,
ssp,u264f,Western Red-tailed Black-Cockatoo,3a,,3a,Subspecies split - allopatric,,
sp,265,Glossy Black-Cockatoo,,,,,,
ssp,u265a,Capricorn Glossy Black-Cockatoo,,,,,,
ssp,u265b,Kangaroo Island Glossy Black-Cockatoo,,,,,,
ssp,u265c,South-eastern Glossy Black-Cockatoo,,,,,,
sp,267,Yellow-tailed Black-Cockatoo,5a,,5a,Non-taxonomic change - scientific name ,,
ssp,u267a,Eastern Yellow-tailed Black-Cockatoo,5a,,5a,Non-taxonomic change - scientific name ,,
ssp,u267b,Western Yellow-tailed Black-Cockatoo,5a,,5a,Non-taxonomic change - scientific name ,,
ssp,u267c,Tasmanian Yellow-tailed Black-Cockatoo,5a,,5a,Non-taxonomic change - scientific name ,,
sp,u266,Baudin's Black-Cockatoo,,,,,,
sp,u794,Carnaby's Black-Cockatoo,,,,,,
sp,263,Palm Cockatoo,,,,,,
ssp,u263,Australian Palm Cockatoo,,,,,,
sp,u268,Gang-gang Cockatoo,,,,,,
sp,273,Galah,,,,,,
ssp,u273a,Eastern Galah,,,,,,
ssp,u273b,Northern Galah,,,,,,
ssp,u273c,Western Galah,5a,,5a,Non-taxonomic change - scientific name ,,
sp,270,Pink Cockatoo,,,,,,
ssp,u270a,Eastern Pink Cockatoo,,,,,,
ssp,u270b,Western Pink Cockatoo,,,,,,
sp,u272,Long-billed Corella,,,,,,
sp,795,Western Corella,,,,,,
ssp,u795a,Butler's Corella,5a,,5a,Non-taxonomic change - scientific name ,,
ssp,u795b,Muir's Corella,,,,,,
sp,271,Little Corella,,,,,,
ssp,u271a,Eastern Little Corella,,,,,,
ssp,u271b,Cape York Little Corella,,,,,,
ssp,u271c,Northern Little Corella,3b,,3b,Subspecies split - parapatric,,
ssp,u271d,Westralensis Little Corella,3b,,3b,Subspecies split - parapatric,,
sp,269,Sulphur-crested Cockatoo,,,,,,
ssp,u269a,Northern Sulphur-crested Cockatoo,,,,,,
ssp,u269b,Eastern Sulphur-crested Cockatoo,,,,,,
sp,295,Red-rumped Parrot,,,,,,
ssp,u295a,Lake Eyre Basin Red-rumped Parrot,,,,,,
ssp,u295b,South-eastern Red-rumped Parrot,,,,,,
sp,297,Bluebonnet,5a,,5a,Non-taxonomic change - scientific name ,,
ssp,u297a,Yellow-vented Bluebonnet,5a,,5a,Non-taxonomic change - scientific name ,,
ssp,u297b,Red-vented Bluebonnet,5a,,5a,Non-taxonomic change - scientific name ,,
ssp,u297d,Pallid Bluebonnet,5a,,5a,Non-taxonomic change - scientific name ,,
sp,u5153,Naretha Bluebonnet,5a,1a,5a,Non-taxonomic change - scientific name ,1a,Species split - allopatric
sp,u296,Mulga Parrot,,,,,,
sp,u301,Hooded Parrot,,,,,,
sp,u300,Golden-shouldered Parrot,,,,,,
sp,u299,Paradise Parrot,,,,,,
sp,u290,Red-capped Parrot,,,,,,
sp,285,Green Rosella,,,,,,
ssp,u285a,King Island Green Rosella,,,,,,
ssp,u285b,Tasmanian Green Rosella,,,,,,
sp,282,Crimson Rosella,,,,,,
ssp,u282a,South-eastern Crimson Rosella,,,,,,
ssp,u282b,Eungella Crimson Rosella,2a,,2a,Species lump - allopatric,,
ssp,u282c,Yellow Rosella,5c,,5c,Non-taxonomic change - taxon_id,,
ssp,u282d,Fleurieu Adelaide Rosella,5b,,5b,Non-taxonomic change - common name ,,
ssp,u282e,Kangaroo Island Crimson Rosella,5c,,5c,Non-taxonomic change - taxon_id,,
ssp,u282f,Wet Tropics Crimson Rosella,5c,,5c,Non-taxonomic change - taxon_id,,
ssp,u282g,Flinders Adelaide Rosella,5b,,5b,Non-taxonomic change - common name ,,
sp,287,Northern Rosella,,,,,,
ssp,u287a,Kimberley Northern Rosella,,,,,,
ssp,u287b,Top End Northern Rosella,,,,,,
sp,286,Pale-headed Rosella,,,,,,
ssp,u286a,Cape York Pale-headed Rosella,,,,,,
ssp,u286b,Southern Pale-headed Rosella,,,,,,
sp,288,Eastern Rosella,,,,,,
ssp,u288a,Tasmanian Eastern Rosella,,,,,,
ssp,u288b,Golden-mantled Rosella,,,,,,
ssp,u288c,South-east Eastern Rosella,,,,,,
sp,289,Western Rosella,,,,,,
ssp,u289a,South-west Western Rosella,,,,,,
ssp,u289b,Inland Western Rosella,,,,,,
sp,294,Australian Ringneck,,,,,,
ssp,u294a,Mallee Ringneck,,,,,,
ssp,u294b,Cloncurry Ringneck,,,,,,
ssp,u294e,Innamincka Ringneck,3a,,3a,Subspecies split - allopatric,,
ssp,u294c,Twenty-eight Parrot,,,,,,
ssp,u294d,Port Lincoln Parrot,,,,,,
sp,u309,Swift Parrot,,,,,,
sp,808,Red-fronted Parakeet,,1a,,,1a,Species split - allopatric
ssp,u808,Macquarie Island Red-fronted Parakeet,,1a,,,1a,Species split - allopatric
sp,5156,Tasman Parakeet,,1a,,,1a,Species split - allopatric
ssp,u5156a,Norfolk Island Green Parrot,,5a,,,5a,Non-taxonomic change - scientific name 
ssp,u5156b,Lord Howe Parakeet,,1a,,,1a,Species split - allopatric
sp,311,Ground Parrot,,,,,,
ssp,u311a,Western Ground Parrot,,,,,,
ssp,u311b,Tasmanian Ground Parrot,,,,,,
ssp,u311c,Eastern Ground Parrot,5b,,5b,Non-taxonomic change - common name ,,
sp,u312,Night Parrot,,,,,,
sp,u304,Bourke's Parrot,,,,,,
sp,u306,Blue-winged Parrot,,,,,,
sp,307,Elegant Parrot,4a,,4a,Subspecies lump - allopatric,,
ssp,u307a,Western Elegant Parrot,,4a,,,4a,Subspecies lump - allopatric
ssp,u307b,Eastern Elegant Parrot,,4a,,,4a,Subspecies lump - allopatric
sp,308,Rock Parrot,4a,,4a,Subspecies lump - allopatric,,
ssp,u308a,Western Rock Parrot,,4a,,,4a,Subspecies lump - allopatric
ssp,u308b,Eastern Rock Parrot,,4a,,,4a,Subspecies lump - allopatric
sp,u305,Orange-bellied Parrot,,,,,,
sp,u302,Turquoise Parrot,,,,,,
sp,u303,Scarlet-chested Parrot,,,,,,
sp,258,Musk Lorikeet,,,,,,
ssp,u258a,South-eastern Musk Lorikeet,,,,,,
ssp,u258b,Tasmanian Musk Lorikeet,,,,,,
sp,u260,Little Lorikeet,,,,,,
sp,u259,Purple-crowned Lorikeet,,,,,,
sp,u257,Varied Lorikeet,,,,,,
sp,9947,Coconut Lorikeet,,,,,,
ssp,u9947,Arafura Coconut Lorikeet,,5a,,,5a,Non-taxonomic change - scientific name 
sp,254,Rainbow Lorikeet,,,,,,
ssp,u254a,Eastern Rainbow Lorikeet,4b,,4b,Subspecies lump - parapatric,,
ssp,u254b,Cape York Rainbow Lorikeet,5c,,5c,Non-taxonomic change - taxon_id,,
sp,u255,Red-collared Lorikeet,,,,,,
sp,u256,Scaly-breasted Lorikeet,,,,,,
sp,u310,Budgerigar,,,,,,
sp,261,Double-eyed Fig-Parrot,,,,,,
ssp,u261a,Macleay's Fig-Parrot,,,,,,
ssp,u261b,Marshall's Fig-Parrot,,,,,,
ssp,u261c,Coxen's Fig-Parrot,,2a,,,2a,Species lump - allopatric
sp,u277,Superb Parrot,,,,,,
sp,278,Regent Parrot,,,,,,
ssp,u278a,Western Regent Parrot,,,,,,
ssp,u278b,Eastern Regent Parrot,,,,,,
sp,u279,Princess Parrot,,,,,,
sp,281,Australian King-Parrot,,,,,,
ssp,u281a,Wet Tropics Australian King-Parrot,,,,,,
ssp,u281b,Southern Australian King-Parrot,,,,,,
sp,280,Red-winged Parrot,5c,,5c,Non-taxonomic change - taxon_id,,
ssp,u280a,Northern Red-winged Parrot,4b,,4b,Subspecies lump - parapatric,,
ssp,u280b,Eastern Red-winged Parrot,4b,,4b,Subspecies lump - parapatric,,
sp,275,Eclectus Parrot,5a,,5a,Non-taxonomic change - scientific name ,,
ssp,u275a,Cape York Eclectus Parrot,5a,,5a,Non-taxonomic change - scientific name ,,
ssp,u275b,Papuan Eclectus Parrot,5a,,5a,Non-taxonomic change - scientific name ,,
sp,276,Red-cheeked Parrot,,,,,,
ssp,u276a,Papuan Red-cheeked Parrot,,,,,,
ssp,u276b,Cape York Red-cheeked Parrot,,,,,,
sp,353,Papuan Pitta,,,,,,
ssp,u353,Torresian Papuan Pitta,4a,,4a,Subspecies lump - allopatric,,
sp,352,Noisy Pitta,,,,,,
ssp,u352a,Central Queensland Noisy Pitta,,4a,,,4a,Subspecies lump - allopatric
ssp,u352b,Cape York Noisy Pitta,4b,4a,4b,Subspecies lump - parapatric,4a,Subspecies lump - allopatric
ssp,u352c,Central East Coast Noisy Pitta,4b,4a,4b,Subspecies lump - parapatric,4a,Subspecies lump - allopatric
sp,354,Rainbow Pitta,,,,,,
ssp,u354a,Top End Rainbow Pitta,,,,,,
ssp,u354b,Kimberley Rainbow Pitta,,,,,,
sp,u351,Albert's Lyrebird,,,,,,
sp,350,Superb Lyrebird,,,,,,
ssp,u350a,Northern Superb Lyrebird,,,,,,
ssp,u350b,Central Superb Lyrebird,,,,,,
ssp,u350c,Southern Superb Lyrebird,,,,,,
sp,355,Rufous Scrub-bird,,,,,,
ssp,u355a,Southern Rufous Scrub-bird,,,,,,
ssp,u355b,Northern Rufous Scrub-bird,,,,,,
sp,u356,Noisy Scrub-bird,,,,,,
sp,u677,Black-eared Catbird,5b,,5b,Non-taxonomic change - common name ,,
sp,u5151,Spotted Catbird,5b,,5b,Non-taxonomic change - common name ,,
sp,u676,Green Catbird,,,,,,
sp,u678,Tooth-billed Bowerbird,,,,,,
sp,u685,Golden Bowerbird,5a,,5a,Non-taxonomic change - scientific name ,,
sp,u684,Regent Bowerbird,,,,,,
sp,679,Satin Bowerbird,,,,,,
ssp,u679a,Wet Tropics Satin Bowerbird,,,,,,
ssp,u679b,Southern Satin Bowerbird,,,,,,
sp,u680,Spotted Bowerbird,5a,,5a,Non-taxonomic change - scientific name ,,
sp,681,Western Bowerbird,5a,,5a,Non-taxonomic change - scientific name ,,
ssp,u681a,North-west Cape Western Bowerbird,5a,,5a,Non-taxonomic change - scientific name ,,
ssp,u681b,Inland Western Bowerbird,5a,,5a,Non-taxonomic change - scientific name ,,
sp,683,Great Bowerbird,5a,,5a,Non-taxonomic change - scientific name ,,
ssp,u683a,Western Great Bowerbird,5a,,5a,Non-taxonomic change - scientific name ,,
ssp,u683b,Eastern Great Bowerbird,5a,,5a,Non-taxonomic change - scientific name ,,
sp,u682,Fawn-breasted Bowerbird,5a,,5a,Non-taxonomic change - scientific name ,,
sp,558,White-throated Treecreeper,,,,,,
ssp,u558a,Mount Lofty Ranges White-throated Treecreeper,,,,,,
ssp,u558b,Eungella White-throated Treecreeper,5a,,5a,Non-taxonomic change - scientific name ,,
ssp,u558c,South-eastern White-throated Treecreeper,5a,,5a,Non-taxonomic change - scientific name ,,
ssp,u558d,Central Eastern White-throated Treecreeper,,,,,,
ssp,u558e,Little Treecreeper,5b,,5b,Non-taxonomic change - common name ,,
sp,u560,Red-browed Treecreeper,,,,,,
sp,561,White-browed Treecreeper,,,,,,
ssp,u561a,Western White-browed Treecreeper,,,,,,
ssp,u561b,Eastern White-browed Treecreeper,5a,,5a,Non-taxonomic change - scientific name ,,
sp,u556,Rufous Treecreeper,,,,,,
sp,555,Brown Treecreeper,,,,,,
ssp,u555a,Cape York Brown Treecreeper,,,,,,
ssp,u555b,North-eastern Brown Treecreeper,,,,,,
ssp,u555c,South-eastern Brown Treecreeper,,,,,,
sp,562,Black-tailed Treecreeper,,,,,,
ssp,u562a,Northern Black-tailed Treecreeper,5a,,5a,Non-taxonomic change - scientific name ,,
ssp,u562b,Pilbara Black-tailed Treecreeper,5a,,5a,Non-taxonomic change - scientific name ,,
sp,542,Purple-crowned Fairy-wren,,,,,,
ssp,u542a,Western Purple-crowned Fairy-wren,,,,,,
ssp,u542b,Eastern Purple-crowned Fairy-wren,,,,,,
sp,u538,Red-winged Fairy-wren,,,,,,
sp,u540,Blue-breasted Fairy-wren,,,,,,
sp,u539,Lovely Fairy-wren,,,,,,
sp,536,Purple-backed Fairy-wren,1b,,1b,Species split - parapatric,,
ssp,u536b,Shark Bay Purple-backed Fairy-wren,5a/b,,5a/b,Non-taxonomic change - scientific and common names,,
ssp,u536c,Top End Lavender-flanked Fairy-wren,5a/b,,5a/b,Non-taxonomic change - scientific and common names,,
ssp,u536d,Inland Purple-backed Fairy-wren,5a/b,,5a/b,Non-taxonomic change - scientific and common names,,
ssp,u536e,Kimberley Lavender-flanked Fairy-wren,5a/b,,5a/b,Non-taxonomic change - scientific and common names,,
sp,u5124,Variegated Fairy-wren,1b,,1b,Species split - parapatric,,
sp,529,Superb Fairy-wren,,,,,,
ssp,u529a,Kangaroo Island Superb Fairy-wren,,,,,,
ssp,u529b,Tasmanian Superb Fairy-wren,,,,,,
ssp,u529c,Northern Superb Fairy-wren,,,,,,
ssp,u529d,King Island Superb Fairy-wren,,,,,,
ssp,u529e,South Australian Superb Fairy-wren,,,,,,
ssp,u529f,Flinders Island Superb Fairy-wren,,,,,,
sp,532,Splendid Fairy-wren,,,,,,
ssp,u532a,Channel Country Splendid Fairy-wren,,,,,,
ssp,u532b,Black-backed Fairy-wren,5b,,5b,Non-taxonomic change - common name ,,
ssp,u532c,Turquoise Fairy-wren,5a/b,,5a/b,Non-taxonomic change - scientific and common names,,
ssp,u532d,Western Splendid Fairy-wren,,,,,,
sp,541,Red-backed Fairy-wren,,,,,,
ssp,u541a,Northern Red-backed Fairy-wren,,,,,,
ssp,u541b,Eastern Red-backed Fairy-wren,,,,,,
sp,535,White-winged Fairy-wren,,,,,,
ssp,u535a,Barrow Island White-winged Fairy-wren,,,,,,
ssp,u535b,Mainland White-winged Fairy-wren,,,,,,
ssp,u535c,Dirk Hartog White-winged Fairy-wren,,,,,,
sp,526,Southern Emu-wren,,,,,,
ssp,u526a,Kangaroo Island Southern Emu-wren,,,,,,
ssp,u526b,Dirk Hartog Southern Emu-wren,5b,,5b,Non-taxonomic change - common name ,,
ssp,u526c,Mount Lofty Ranges Southern Emu-wren,5b,,5b,Non-taxonomic change - common name ,,
ssp,u526d,Tasmanian Southern Emu-wren,,,,,,
ssp,u526e,East Coast Southern Emu-wren,,,,,,
ssp,u526f,Eyre Peninsula Southern Emu-wren,,,,,,
ssp,u526g,Glenelg Southern Emu-wren,,,,,,
ssp,u526h,West Coast Southern Emu-wren,,,,,,
sp,u527,Mallee Emu-wren,,,,,,
sp,u528,Rufous-crowned Emu-wren,,,,,,
sp,871,Grey Grasswren,,,,,,
ssp,u871a,Bulloo Grey Grasswren,,,,,,
ssp,u871b,Diamantina Grey Grasswren,,,,,,
sp,u516,White-throated Grasswren,,,,,,
sp,u517,Carpentarian Grasswren,,,,,,
sp,5150,Pilbara Grasswren,,1a,,,1a,Species split - allopatric
ssp,u5150a,Pilbara Ranges Grasswren,5b,1a,5b,Non-taxonomic change - common name ,1a,Species split - allopatric
ssp,u5150b,Cape Range Grasswren,3a,1a,3a,Subspecies split - allopatric,1a,Species split - allopatric
sp,5149,Sandhill Grasswren,,1a,,,1a,Species split - allopatric
ssp,u5149a,Sandhill Rufous Grasswren,5b,1a,5b,Non-taxonomic change - common name ,1a,Species split - allopatric
ssp,u5149b,Yellabinna Rufous Grasswren,3a,1a,3a,Subspecies split - allopatric,1a,Species split - allopatric
sp,u5148,Opalton Grasswren,5b,1a,5b,Non-taxonomic change - common name ,1a,Species split - allopatric
sp,513,Striated Grasswren,,1a,,,1a,Species split - allopatric
ssp,u513a,Mukarrthippi Grasswren,3a,,3a,Subspecies split - allopatric,,
ssp,u513b,Murray Mallee Striated Grasswren,3a,,3a,Subspecies split - allopatric,,
sp,735,Short-tailed Grasswren,,,,,,
ssp,u735a,Flinders Ranges Short-tailed Grasswren,,,,,,
ssp,u735b,Gawler Ranges Short-tailed Grasswren,,,,,,
sp,u518,Black Grasswren,,,,,,
sp,u515,Eyrean Grasswren,,,,,,
sp,u708,Kalkadoon Grasswren,,,,,,
sp,u511,Dusky Grasswren,,,,,,
sp,512,Western Grasswren,,,,,,
ssp,u512c,Dirk Hartog Western Grasswren,,,,,,
ssp,u512d,Murchison Western Grasswren,,,,,,
ssp,u512e,Large-tailed Western Grasswren,,,,,,
ssp,u512a,Eyre Peninsula Western Grasswren,,,,,,
ssp,u512b,Shark Bay Western Grasswren,,,,,,
sp,8022,Thick-billed Grasswren,,,,,,
ssp,u8022g,Cowarie Thick-billed Grasswren,3a,,3a,Subspecies split - allopatric,,
ssp,u8022f,Lake Frome Thick-billed Grasswren,,,,,,
ssp,u8022b,Western Thick-billed Grasswren,,,,,,
ssp,u8022d,Eastern Thick-billed Grasswren,,,,,,
ssp,u8022a,MacDonnell Ranges Thick-billed Grasswren,,,,,,
ssp,u8022c,Grey Range Thick-billed Grasswren,,,,,,
ssp,u8022e,Flinders Ranges Thick-billed Grasswren,,,,,,
sp,519,Eastern Bristlebird,,,,,,
ssp,u519a,Southern Eastern Bristlebird,,,,,,
ssp,u519b,Northern Eastern Bristlebird,,,,,,
sp,u520,Western Bristlebird,,,,,,
sp,521,Rufous Bristlebird,,,,,,
ssp,u521a,Coorong Rufous Bristlebird,,,,,,
ssp,u521b,Otways Rufous Bristlebird,,,,,,
ssp,u521c,Western Rufous Bristlebird,,,,,,
sp,u588,Banded Honeyeater,,,,,,
sp,u627,White-streaked Honeyeater,,,,,,
sp,630,Crescent Honeyeater,,,,,,
ssp,u630a,South Australian Crescent Honeyeater,5a,,5a,Non-taxonomic change - scientific name ,,
ssp,u630b,Eastern Crescent Honeyeater,,,,,,
sp,632,White-cheeked Honeyeater,,,,,,
ssp,u632a,Western White-cheeked Honeyeater,,,,,,
ssp,u632b,Eastern White-cheeked Honeyeater,,,,,,
sp,631,New Holland Honeyeater,,,,,,
ssp,u631b,Bass Strait New Holland Honeyeater,5a,,5a,Non-taxonomic change - scientific name ,,
ssp,u631c,Kangaroo Island New Holland Honeyeater,,,,,,
ssp,u631d,Tasmanian New Holland Honeyeater,,,,,,
ssp,u631e,South-western New Holland Honeyeater,,,,,,
ssp,u631f,Eastern New Holland Honeyeater,,,,,,
sp,597,Brown Honeyeater,,,,,,
ssp,u597a,Western Brown Honeyeater,,,,,,
ssp,u597b,Tiwi Brown Honeyeater,5b,,5b,Non-taxonomic change - common name ,,
ssp,u597c,Eastern Brown Honeyeater,,,,,,
sp,641,Blue-faced Honeyeater,1b,2b,1b,Species split - parapatric,2b,Species lump - parapatric
ssp,u641a,Eastern Blue-faced Honeyeater,5c,2b,5c,Non-taxonomic change - taxon_id,2b,Species lump - parapatric
ssp,u641b,Cape York Blue-faced Honeyeater,1b,2b,1b,Species split - parapatric,2b,Species lump - parapatric
ssp,u641c,Northern Blue-faced Honeyeater,5c,2b,5c,Non-taxonomic change - taxon_id,2b,Species lump - parapatric
sp,u8312,Gilbert's Honeyeater,1a,,1a,Species split - allopatric,,
sp,u578,White-naped Honeyeater,1a,,1a,Species split - allopatric,,
sp,u584,Black-headed Honeyeater,,,,,,
sp,579,White-throated Honeyeater,,,,,,
ssp,u579a,Northern White-throated Honeyeater,,,,,,
ssp,u579b,Eastern White-throated Honeyeater,,,,,,
sp,u582,Strong-billed Honeyeater,,,,,,
sp,580,Black-chinned Honeyeater,1a,2b,1a,Species split - allopatric,2b,Species lump - parapatric
ssp,u580a,South-eastern Black-chinned Honeyeater,1a,2b,1a,Species split - allopatric,2b,Species lump - parapatric
ssp,u580b,Golden-backed Honeyeater,,2b,,,2b,Species lump - parapatric
sp,583,Brown-headed Honeyeater,,,,,,
ssp,u583a,South-eastern Brown-headed Honeyeater,,,,,,
ssp,u583b,Western Brown-headed Honeyeater,,,,,,
ssp,u583c,Kangaroo Island Brown-headed Honeyeater,,,,,,
ssp,u583d,Northern Brown-headed Honeyeater,,,,,,
ssp,u583f,Otways-Gippsland Brown-headed Honeyeater,,,,,,
sp,617,White-eared Honeyeater,,,,,,
ssp,u617a,Western White-eared Honeyeater,3a,,3a,Subspecies split - allopatric,,
ssp,u617b,South-eastern White-eared Honeyeater,,,,,,
ssp,u617c,Kangaroo Island White-eared Honeyeater,,,,,,
ssp,u617d,Eyre Peninsula White-eared Honeyeater,3a,,3a,Subspecies split - allopatric,,
ssp,u617e,Inland White-eared Honeyeater,3a,,3a,Subspecies split - allopatric,,
sp,u616,Yellow-throated Honeyeater,,,,,,
sp,u615,Macleay's Honeyeater,,,,,,
sp,629,Tawny-breasted Honeyeater,,,,,,
ssp,u629a,Cape York Tawny-breasted Honeyeater,,,,,,
ssp,u629b,Papuan Tawny-breasted Honeyeater,,,,,,
sp,u585,Striped Honeyeater,,,,,,
sp,u598,Painted Honeyeater,,,,,,
sp,646,Little Friarbird,,,,,,
ssp,u646a,Eastern Little Friarbird,,,,,,
ssp,u646b,North-western Little Friarbird,,,,,,
sp,642,Helmeted Friarbird,,,,,,
ssp,u642a,Sandstone Helmeted Friarbird,5a/b,,5a/b,Non-taxonomic change - scientific and common names,,
ssp,u642b,Melville Helmeted Friarbird,5b,,5b,Non-taxonomic change - common name ,,
ssp,u642c,Hornbill Helmeted Friarbird,5b,,5b,Non-taxonomic change - common name ,,
sp,644,Silver-crowned Friarbird,,,,,,
ssp,u644a,Western Silver-crowned Friarbird,,,,,,
ssp,u644b,Cape York Silver-crowned Friarbird,,,,,,
sp,645,Noisy Friarbird,,,,,,
ssp,u645a,Northern Noisy Friarbird,,,,,,
ssp,u645b,Southern Noisy Friarbird,,,,,,
sp,u589,Black Honeyeater,5a,,5a,Non-taxonomic change - scientific name ,,
sp,590,Dusky Honeyeater,,,,,,
ssp,u590a,Papuan Dusky Honeyeater,,,,,,
ssp,u590b,Eastern Dusky Honeyeater,,,,,,
ssp,u590c,Top End Dusky Honeyeater,,,,,,
sp,587,Red-headed Honeyeater,,,,,,
ssp,u587a,Northern Red-headed Honeyeater,,,,,,
ssp,u587b,Papuan Red-headed Honeyeater,,,,,,
sp,u586,Scarlet Honeyeater,4a,,4a,Subspecies lump - allopatric,,
sp,u592,Western Spinebill,,,,,,
sp,591,Eastern Spinebill,,,,,,
ssp,u591a,Wet Tropics Eastern Spinebill,,,,,,
ssp,u591b,Tasmanian Eastern Spinebill,,,,,,
ssp,u591c,South Australian Eastern Spinebill,,,,,,
ssp,u591d,South-east Eastern Spinebill,,,,,,
sp,u602,Pied Honeyeater,,,,,,
sp,593,Tawny-crowned Honeyeater,5a,,5a,Non-taxonomic change - scientific name ,,
ssp,u593a,Western Tasmanian Tawny-crowned Honeyeater,5a,,5a,Non-taxonomic change - scientific name ,,
ssp,u593b,Northern Tawny-crowned Honeyeater,5a,,5a,Non-taxonomic change - scientific name ,,
sp,604,Green-backed Honeyeater,,,,,,
ssp,u604,Australian Green-backed Honeyeater,,,,,,
sp,u596,Bar-breasted Honeyeater,,,,,,
sp,u595,Brown-backed Honeyeater,,,,,,
sp,u600,Rufous-banded Honeyeater,,,,,,
sp,u601,Rufous-throated Honeyeater,,,,,,
sp,u599,Grey Honeyeater,,,,,,
sp,u452,Gibberbird,,,,,,
sp,451,Yellow Chat,,,,,,
ssp,u451a,Inland Yellow Chat,,,,,,
ssp,u451b,Capricorn Yellow Chat,,,,,,
ssp,u451c,Alligator Rivers Yellow Chat,,,,,,
sp,u449,Crimson Chat,,,,,,
sp,u448,White-fronted Chat,,,,,,
sp,u450,Orange Chat,,,,,,
sp,606,Yellow-spotted Honeyeater,,,,,,
ssp,u606a,Wet Tropics Yellow-spotted Honeyeater,,,,,,
ssp,u606b,Cape York Yellow-spotted Honeyeater,,,,,,
sp,605,Lewin's Honeyeater,,,,,,
ssp,u605a,McIlwraith Range Lewin's Honeyeater,,,,,,
ssp,u605b,Southern Lewin's Honeyeater,,,,,,
ssp,u605c,Central Queensland Coast Lewin's Honeyeater,,,,,,
sp,u612,Graceful Honeyeater,1a,,1a,Species split - allopatric,,
sp,u5123,Cryptic Honeyeater,1a,,1a,Species split - allopatric,,
sp,u8293,Kimberley Honeyeater,1a,,1a,Species split - allopatric,,
sp,u607,White-lined Honeyeater,1a,,1a,Species split - allopatric,,
sp,u628,White-gaped Honeyeater,,,,,,
sp,626,Yellow Honeyeater,,,,,,
ssp,u626a,Southern Yellow Honeyeater,5a,,5a,Non-taxonomic change - scientific name ,,
ssp,u626b,Cape York Yellow Honeyeater,5a,,5a,Non-taxonomic change - scientific name ,,
sp,u611,Bridled Honeyeater,,,,,,
sp,u834,Eungella Honeyeater,,,,,,
sp,u640,Spiny-cheeked Honeyeater,,,,,,
sp,u712,Western Wattlebird,,,,,,
sp,710,Little Wattlebird,,,,,,
ssp,u710a,South-eastern Little Wattlebird,,,,,,
ssp,u710b,Kangaroo Island Little Wattlebird,,,,,,
ssp,u710c,Tasmanian Little Wattlebird,,,,,,
sp,u603,Regent Honeyeater,,,,,,
sp,638,Red Wattlebird,,,,,,
ssp,u638a,Eastern Red Wattlebird,,,,,,
ssp,u638b,Kangaroo Island Red Wattlebird,,,,,,
ssp,u638c,Western Red Wattlebird,,,,,,
sp,639,Yellow Wattlebird,,,,,,
ssp,u639a,King Island Yellow Wattlebird,,,,,,
ssp,u639b,Tasmanian Yellow Wattlebird,,,,,,
sp,609,Varied Honeyeater,,,,,,
ssp,u609,Torresian Varied Honeyeater,,,,,,
sp,608,Singing Honeyeater,,,,,,
ssp,u608a,Top End Singing Honeyeater,,,,,,
ssp,u608b,Inland Singing Honeyeater,,,,,,
ssp,u608c,South-eastern Singing Honeyeater,,,,,,
ssp,u608d,South-western Singing Honeyeater,,,,,,
sp,u610,Mangrove Honeyeater,,,,,,
sp,625,White-plumed Honeyeater,,,,,,
ssp,u625a,Kimberley White-plumed Honeyeater,,,,,,
ssp,u625b,Western White-plumed Honeyeater,,,,,,
ssp,u625c,Central White-plumed Honeyeater,,,,,,
ssp,u625d,Eastern White-plumed Honeyeater,5a,,5a,Non-taxonomic change - scientific name ,,
sp,u622,Yellow-plumed Honeyeater,,,,,,
sp,624,Yellow-tinted Honeyeater,,,,,,
ssp,u624a,Mainland Yellow-tinted Honeyeater,,,,,,
ssp,u624b,Tiwi Yellow-tinted Honeyeater,5b,,5b,Non-taxonomic change - common name ,,
sp,613,Fuscous Honeyeater,,,,,,
ssp,u613a,Southern Fuscous Honeyeater,,,,,,
ssp,u613b,Northern Fuscous Honeyeater,5b,,5b,Non-taxonomic change - common name ,,
sp,u621,Grey-headed Honeyeater,,,,,,
sp,623,Grey-fronted Honeyeater,,,,,,
ssp,u623a,Eastern Grey-fronted Honeyeater,,,,,,
ssp,u623b,Northern Grey-fronted Honeyeater,,,,,,
ssp,u623c,Western Grey-fronted Honeyeater,5a,,5a,Non-taxonomic change - scientific name ,,
sp,u594,White-fronted Honeyeater,,,,,,
sp,614,Yellow-faced Honeyeater,,,,,,
ssp,u614a,Wet Tropics Yellow-faced Honeyeater,,,,,,
ssp,u614b,South-eastern Yellow-faced Honeyeater,,,,,,
ssp,u614c,Mount Lofty Ranges Yellow-faced Honeyeater,,,,,,
sp,620,Purple-gaped Honeyeater,,,,,,
ssp,u620a,Kangaroo Island Purple-gaped Honeyeater,,,,,,
ssp,u620b,Mainland Purple-gaped Honeyeater,,,,,,
sp,619,Yellow-tufted Honeyeater,,,,,,
ssp,u619a,Helmeted Honeyeater,,,,,,
ssp,u619b,Gippsland Yellow-tufted Honeyeater,3a,,3a,Subspecies split - allopatric,,
ssp,u619c,Eastern Yellow-tufted Honeyeater,5c,,5c,Non-taxonomic change - taxon_id,,
ssp,u619d,Western Yellow-tufted Honeyeater,5c,,5c,Non-taxonomic change - taxon_id,,
sp,u633,Bell Miner,,,,,,
sp,634,Noisy Miner,,,,,,
ssp,u634a,Tasmanian Noisy Miner,,,,,,
ssp,u634b,Southern Noisy Miner,4b,,4b,Subspecies lump - parapatric,,
ssp,u634c,Cape York Noisy Miner,,3b,,,3b,Subspecies split - parapatric
sp,u967,Black-eared Miner,,,,,,
sp,635,Yellow-throated Miner,,,,,,
ssp,u635a,Eastern Yellow-throated Miner,,,,,,
ssp,u635b,Northern Yellow-throated Miner,,,,,,
ssp,u635c,Tiwi Yellow-throated Miner,5b,,5b,Non-taxonomic change - common name ,,
ssp,u635d,South-western Yellow-throated Miner,,,,,,
ssp,u635e,Inland Yellow-throated Miner,,,,,,
sp,565,Spotted Pardalote,,,,,,
ssp,u565a,Wet Tropics Spotted Pardalote,,,,,,
ssp,u565b,Coastal Spotted Pardalote,,,,,,
ssp,u565c,Yellow-rumped Pardalote,5b,,5b,Non-taxonomic change - common name ,,
sp,u571,Forty-spotted Pardalote,,,,,,
sp,570,Red-browed Pardalote,,,,,,
ssp,u570a,Inland Red-browed Pardalote,,,,,,
ssp,u570b,Cape York Red-browed Pardalote,,,,,,
sp,976,Striated Pardalote,,,,,,
ssp,u976a,Black-headed Pardalote,5b,,5b,Non-taxonomic change - common name ,,
ssp,u976b,Tiwi Striated Pardalote,5b,,5b,Non-taxonomic change - common name ,,
ssp,u976c,Eastern Striated Pardalote,5b,,5b,Non-taxonomic change - common name ,,
ssp,u976d,Yellow-tipped Pardalote,5b,,5b,Non-taxonomic change - common name ,,
ssp,u976e,Western Striated Pardalote,,,,,,
ssp,u976f,Northern Striated Pardalote,,,,,,
sp,u496,Fernwren,,,,,,
sp,454,Brown Gerygone,,,,,,
ssp,u454a,Eungella Brown Gerygone,,,,,,
ssp,u454b,Wet Tropics Brown Gerygone,,,,,,
ssp,u454c,Southern Brown Gerygone,,,,,,
sp,456,Fairy Gerygone,,,,,,
ssp,u456a,Southern Fairy Gerygone,,,,,,
ssp,u456b,Cape York Fairy Gerygone,,,,,,
sp,458,Green-backed Gerygone,,,,,,
ssp,u458a,Top End Green-backed Gerygone,5a,,5a,Non-taxonomic change - scientific name ,,
ssp,u458b,Kimberley Green-backed Gerygone,,,,,,
sp,453,White-throated Gerygone,,,,,,
ssp,u453a,Torresian White-throated Gerygone,,,,,,
ssp,u453b,Eastern White-throated Gerygone,,,,,,
ssp,u453c,North-western White-throated Gerygone,,,,,,
sp,457,Large-billed Gerygone,,,,,,
ssp,u457a,Papuan Large-billed Gerygone,,,,,,
ssp,u457b,North Queensland Large-billed Gerygone,,,,,,
ssp,u457c,Top End Large-billed Gerygone,,,,,,
sp,461,Dusky Gerygone,,,,,,
ssp,u461a,Southern Dusky Gerygone,,,,,,
ssp,u461b,Northern Dusky Gerygone,,,,,,
sp,u958,Norfolk Island Gerygone,,,,,,
sp,u8215,Lord Howe Gerygone,,,,,,
sp,460,Mangrove Gerygone,,,,,,
ssp,u460a,Eastern Mangrove Gerygone,,,,,,
ssp,u460b,Northern Mangrove Gerygone,,,,,,
ssp,u460c,Papuan Mangrove Gerygone,,,,,,
sp,463,Western Gerygone,,,,,,
ssp,u463a,Eastern Woodlands Western Gerygone,,,,,,
ssp,u463b,South-west Western Gerygone,,,,,,
ssp,u463c,Desert Western Gerygone,,,,,,
sp,465,Weebill,,,,,,
ssp,u465a,Eastern Weebill,,,,,,
ssp,u465b,Northern Weebill,,,,,,
ssp,u465c,Southern Weebill,,,,,,
ssp,u465d,Western Weebill,,,,,,
sp,506,Pilotbird,,,,,,
ssp,u506a,Upland Pilotbird,,,,,,
ssp,u506b,Lowland Pilotbird,,,,,,
sp,u497,Redthroat,,,,,,
sp,u504,Speckled Warbler,,,,,,
sp,498,Chestnut-rumped Heathwren,,,,,,
ssp,u498a,Mount Lofty Ranges Chestnut-rumped Heathwren,,,,,,
ssp,u498b,Flinders Ranges Chestnut-rumped Heathwren,,,,,,
ssp,u498c,Eastern Chestnut-rumped Heathwren,5a,,5a,Non-taxonomic change - scientific name ,,
sp,499,Shy Heathwren,,,,,,
ssp,u499a,Eastern Mallee Shy Heathwren,,,,,,
ssp,u499b,Kangaroo Island Shy Heathwren,5a,,5a,Non-taxonomic change - scientific name ,,
ssp,u499c,Riverina Shy Heathwren,5a,,5a,Non-taxonomic change - scientific name ,,
ssp,u499d,Western Shy Heathwren,,,,,,
sp,500,Striated Fieldwren,,,,,,
ssp,u500a,Eastern Striated Fieldwren,,,,,,
ssp,u500b,Western Striated Fieldwren,,,,,,
ssp,u500c,Western Tasmanian Striated Fieldwren,,,,,,
ssp,u500d,Eastern Tasmanian Striated Fieldwren,,,,,,
sp,u501,Western Fieldwren,1a,,1a,Species split - allopatric,,
sp,502,Rufous Fieldwren,1a,,1a,Species split - allopatric,,
ssp,u502a,Nullarbor Rufous Fieldwren,,,,,,
ssp,u502b,Dorre Rufous Fieldwren,5b,,5b,Non-taxonomic change - common name ,,
ssp,u502c,Lake Eyre Basin Rufous Fieldwren,,,,,,
ssp,u502d,Dirk Hartog Rufous Fieldwren,5b,,5b,Non-taxonomic change - common name ,,
ssp,u502f,West Coast Rufous Fieldwren,,,,,,
ssp,u502g,Upper Murchison Rufous Fieldwren,,,,,,
ssp,u502h,Murray Mallee Rufous Fieldwren,,,,,,
sp,u505,Rockwarbler,,,,,,
sp,493,Yellow-throated Scrubwren,,,,,,
ssp,u493a,Wet Tropics Yellow-throated Scrubwren,,,,,,
ssp,u493b,Southern Yellow-throated Scrubwren,,,,,,
ssp,u493c,Central Yellow-throated Scrubwren,,,,,,
sp,u946,Atherton Scrubwren,,,,,,
sp,495,Tasmanian Scrubwren,,,,,,
ssp,u495a,Southern Tasmanian Scrubwren,,,,,,
ssp,u495b,King Island Tasmanian Scrubwren,,,,,,
sp,488,White-browed Scrubwren,,1a,,,1a,Species split - allopatric
ssp,u488c,Flinders Island White-browed Scrubwren,,1a,,,1a,Species split - allopatric
ssp,u488d,South-eastern White-browed Scrubwren,,1a,,,1a,Species split - allopatric
ssp,u488e,Southern Mainland White-browed Scrubwren,,1a,,,1a,Species split - allopatric
ssp,u488f,Buff-breasted Scrubwren,5b,1a,5b,Non-taxonomic change - common name ,1a,Species split - allopatric
ssp,u488i,Mount Lofty Ranges White-browed Scrubwren,,1a,,,1a,Species split - allopatric
ssp,u488j,Central east Coast White-browed Scrubwren,,1a,,,1a,Species split - allopatric
sp,5155,Spotted Scrubwren,,1a,,,1a,Species split - allopatric
ssp,u5155a,Kangaroo Island Spotted Scrubwren,5b,1a,5b,Non-taxonomic change - common name ,1a,Species split - allopatric
ssp,u5155b,West Coast Spotted Scrubwren,5b,1a,5b,Non-taxonomic change - common name ,1a,Species split - allopatric
ssp,u5155g,South-western Spotted Scrubwren,5b,1a,5b,Non-taxonomic change - common name ,1a,Species split - allopatric
ssp,u5155h,Nullarbor Coast Spotted Scrubwren,5b,1a,5b,Non-taxonomic change - common name ,1a,Species split - allopatric
sp,494,Large-billed Scrubwren,,,,,,
ssp,u494b,Gippsland Large-billed Scrubwren,,,,,,
ssp,u494c,East Coast Large-billed Scrubwren,5a,,5a,Non-taxonomic change - scientific name ,,
ssp,u494d,Wet Tropics Large-billed Scrubwren,,,,,,
sp,490,Tropical Scrubwren,,,,,,
ssp,u490a,Northern Cape York Tropical Scrubwren,,4b,,,4b,Subspecies lump - parapatric
ssp,u490b,Southern Cape York Tropical Scrubwren,,4b,,,4b,Subspecies lump - parapatric
sp,487,Scrubtit,,,,,,
ssp,u487a,King Island Scrubtit,5a,,5a,Non-taxonomic change - scientific name ,,
ssp,u487b,Tasmanian Scrubtit,5a,,5a,Non-taxonomic change - scientific name ,,
sp,466,Southern Whiteface,,,,,,
ssp,u466a,South-west Southern Whiteface,,,,,,
ssp,u466b,South-east Southern Whiteface,,,,,,
sp,u468,Chestnut-breasted Whiteface,,,,,,
sp,u469,Banded Whiteface,,,,,,
sp,486,Yellow-rumped Thornbill,,,,,,
ssp,u486a,Western Yellow-rumped Thornbill,,,,,,
ssp,u486b,Tasmanian Yellow-rumped Thornbill,,,,,,
ssp,u486c,South-eastern Yellow-rumped Thornbill,,,,,,
ssp,u486d,Northern Yellow-rumped Thornbill,,,,,,
sp,471,Yellow Thornbill,,,,,,
ssp,u471a,Wet Tropics Yellow Thornbill,,,,,,
ssp,u471b,Western Yellow Thornbill,,,,,,
ssp,u471c,East Coast Yellow Thornbill,,,,,,
sp,470,Striated Thornbill,,,,,,
ssp,u470a,Southern Queensland Striated Thornbill,,,,,,
ssp,u470b,South Australian Striated Thornbill,,,,,,
ssp,u470c,South-eastern Striated Thornbill,,,,,,
ssp,u470d,Kangaroo Island Striated Thornbill,,,,,,
sp,476,Inland Thornbill,,,,,,
ssp,u476a,Eastern Inland Thornbill,,,,,,
ssp,u476b,Southern Inland Thornbill,,,,,,
ssp,u476c,Channel Country Inland Thornbill,,,,,,
ssp,u476d,Western Inland Thornbill,,,,,,
sp,473,Tasmanian Thornbill,,,,,,
ssp,u473a,Southern Tasmanian Thornbill,,,,,,
ssp,u473b,King Island Tasmanian Thornbill,,,,,,
sp,475,Brown Thornbill,,,,,,
ssp,u475b,Northern Brown Thornbill,,,,,,
ssp,u475c,Tasmanian Brown Thornbill,,,,,,
ssp,u475a,King Island Brown Thornbill,5a,,5a,Non-taxonomic change - scientific name ,,
ssp,u475d,South-eastern Brown Thornbill,3a,,3a,Subspecies split - allopatric,,
ssp,u475f,Mount Lofty Ranges Brown Thornbill,3a,,3a,Subspecies split - allopatric,,
ssp,u475e,Kangaroo Island Brown Thornbill,,,,,,
sp,u474,Mountain Thornbill,,,,,,
sp,u480,Slaty-backed Thornbill,,,,,,
sp,482,Slender-billed Thornbill,,,,,,
ssp,u482a,Eastern Slender-billed Thornbill,,,,,,
ssp,u482b,Western Slender-billed Thornbill,,,,,,
ssp,u482c,Samphire Thornbill,5b,,5b,Non-taxonomic change - common name ,,
sp,u481,Chestnut-rumped Thornbill,,,,,,
sp,484,Buff-rumped Thornbill,,,,,,
ssp,u484a,South Australian Buff-rumped Thornbill,,,,,,
ssp,u484b,Southern Queensland Buff-rumped Thornbill,,,,,,
ssp,u484c,South-eastern Buff-rumped Thornbill,,,,,,
ssp,u484d,Northern Buff-rumped Thornbill,,,,,,
sp,u472,Western Thornbill,,,,,,
sp,u434,Australian Logrunner,,,,,,
sp,435,Chowchilla,,,,,,
ssp,u435a,Northern Chowchilla,,,,,,
ssp,u435b,Southern Chowchilla,,,,,,
sp,443,Grey-crowned Babbler,,,,,,
ssp,u443a,Red-breasted Babbler,5b,,5b,Non-taxonomic change - common name ,,
ssp,u443b,Eastern Grey-crowned Babbler,,,,,,
sp,u938,Hall's Babbler,,,,,,
sp,445,White-browed Babbler,,,,,,
ssp,u445a,South-western White-browed Babbler,,,,,,
ssp,u445b,Central White-browed Babbler,,,,,,
ssp,u445c,Eastern White-browed Babbler,,,,,,
ssp,u445d,Southern White-browed Babbler,,,,,,
sp,u446,Chestnut-crowned Babbler,,,,,,
sp,549,Varied Sittella,,,,,,
ssp,u549a,Orange-winged Sittella,,,,,,
ssp,u549b,White-headed Sittella,,,,,,
ssp,u549c,White-winged Sittella,,,,,,
ssp,u549d,Black-capped Sittella,,,,,,
ssp,u549e,Striated Sittella,,,,,,
sp,432,Australasian Figbird,,,,,,
ssp,u432a,North-western Figbird,5b,,5b,Non-taxonomic change - common name ,,
ssp,u432b,Yellow Figbird,5b,,5b,Non-taxonomic change - common name ,,
ssp,u432c,Green Figbird,5b,,5b,Non-taxonomic change - common name ,,
sp,671,Olive-backed Oriole,,,,,,
ssp,u671a,North-western Olive-backed Oriole,,,,,,
ssp,u671b,Cape York Olive-backed Oriole,,,,,,
ssp,u671c,Eastern Olive-backed Oriole,,,,,,
sp,672,Green Oriole,5b,,5b,Non-taxonomic change - common name ,,
ssp,u672a,North-western Green Oriole,5b,,5b,Non-taxonomic change - common name ,,
ssp,u672b,Cape York Green Oriole,5b,,5b,Non-taxonomic change - common name ,,
ssp,u672c,Wet Tropics Green Oriole,5b,,5b,Non-taxonomic change - common name ,,
ssp,u672d,Tiwi Green Oriole,5b,,5b,Non-taxonomic change - common name ,,
sp,419,Crested Bellbird,,,,,,
ssp,u419a,Southern Crested Bellbird,,,,,,
ssp,u419b,Northern Crested Bellbird,,,,,,
sp,436,Spotted Quail-thrush,,,,,,
ssp,u436a,Mount Lofty Ranges Spotted Quail-thrush,5b,,5b,Non-taxonomic change - common name ,,
ssp,u436b,Tasmanian Spotted Quail thrush,,,,,,
ssp,u436c,Eastern Spotted Quail-thrush,,,,,,
sp,u5157,Chestnut Quail-thrush,5a,1b,5a,Non-taxonomic change - scientific name ,1b,Species split - parapatric
sp,437,Copperback Quail-thrush,,1b,,,1b,Species split - parapatric
ssp,u437a,Eastern Copperback Quail-thrush,5a,1b,5a,Non-taxonomic change - scientific name ,1b,Species split - parapatric
ssp,u437b,Inland Copperback Quail-thrush,5a,1b,5a,Non-taxonomic change - scientific name ,1b,Species split - parapatric
ssp,u437c,South-western Copperback Quail-thrush,5a,1b,5a,Non-taxonomic change - scientific name ,1b,Species split - parapatric
sp,u8406,Western Quail-thrush,1a,,1a,Species split - allopatric,,
sp,u438,Chestnut-breasted Quail-thrush,1a,,1a,Species split - allopatric,,
sp,u440,Nullarbor Quail-thrush,1a,,1a,Species split - allopatric,,
sp,439,Cinnamon Quail-thrush,1a,,1a,Species split - allopatric,,
ssp,u439b,Southern Cinnamon Quail-thrush,,,,,,
ssp,u439c,Northern Cinnamon Quail-thrush,5a,,5a,Non-taxonomic change - scientific name ,,
sp,u417,Northern Shrike-tit,1a,,1a,Species split - allopatric,,
sp,u418,Western Shrike-tit,1a,,1a,Species split - allopatric,,
sp,u416,Eastern Shrike-tit,1a,,1a,Species split - allopatric,,
sp,405,Olive Whistler,,,,,,
ssp,u405a,Tasmanian Olive Whistler,,,,,,
ssp,u405b,Otways-Gippsland Olive Whistler,,,,,,
ssp,u405c,Glenelg Olive Whistler,,,,,,
ssp,u405d,Northern Olive Whistler,,,,,,
ssp,u405e,South-eastern Olive Whistler,,,,,,
sp,u402,Red-lored Whistler,,,,,,
sp,u403,Gilbert's Whistler,,,,,,
sp,8415,Grey Whistler,1a,2a,1a,Species split - allopatric,2a,Species lump - allopatric
ssp,u8415a,Queensland Grey-headed Whistler,1a,2a,1a,Species split - allopatric,2a,Species lump - allopatric
ssp,u8415b,Brown Whistler,1a,2a,1a,Species split - allopatric,2a,Species lump - allopatric
sp,401,Rufous Whistler,,,,,,
ssp,u401a,North-western Rufous Whistler,,,,,,
ssp,u401b,Tiwi Rufous Whistler,5b,,5b,Non-taxonomic change - common name ,,
ssp,u401c,Cape York Rufous Whistler,,,,,,
ssp,u401d,Southern Rufous Whistler,,,,,,
sp,404,White-breasted Whistler,,,,,,
ssp,u404a,Pilbara White-breasted Whistler,,,,,,
ssp,u404b,Top End White-breasted Whistler,,,,,,
ssp,u404c,Kimberley White-breasted Whistler,,,,,,
sp,398,Golden Whistler,,,,,,
ssp,u398a,Lord Howe Golden Whistler,,,,,,
ssp,u398b,South Australian Golden Whistler,1c,,1c,Species split - indeterminate/unknown,,
ssp,u398c,Tasmanian Golden Whistler,,,,,,
ssp,u398d,Eastern Golden Whistler,,,,,,
ssp,u398e,Western Whistler,1c,,1c,Species split - indeterminate/unknown,,
ssp,u398f,Norfolk Island Golden Whistler,5c,,5c,Non-taxonomic change - taxon_id,,
ssp,u398g,South-eastern Golden Whistler,5c,,5c,Non-taxonomic change - taxon_id,,
sp,400,Mangrove Golden Whistler,,3b,,,3b,Subspecies split - parapatric
ssp,u400a,Western Mangrove Golden Whistler,,3b,,,3b,Subspecies split - parapatric
ssp,u400b,Eastern Mangrove Golden Whistler,,3b,,,3b,Subspecies split - parapatric
ssp,u400c,Papuan Mangrove Golden Whistler,5a,3b,5a,Non-taxonomic change - scientific name ,3b,Subspecies split - parapatric
sp,413,Little Shrike-thrush,,,,,,
ssp,u413b,Wet Tropics Little Shrike-thrush,,4b,,,4b,Subspecies lump - parapatric
ssp,u413d,Cape York Little Shrike-thrush,,4b,,,4b,Subspecies lump - parapatric
ssp,u413e,Western Little Shrike-thrush,,4b,,,4b,Subspecies lump - parapatric
ssp,u413g,Southern Little Shrike-thrush,,4b,,,4b,Subspecies lump - parapatric
sp,u414,Bower's Shrike-thrush,,,,,,
sp,408,Grey Shrike-thrush,,,,,,
ssp,u408a,North-western Grey Shrike-thrush,,,,,,
ssp,u408b,Eastern Grey Shrike-thrush,,,,,,
ssp,u408c,Western Grey Shrike-thrush,,,,,,
ssp,u408d,Tasmanian Grey Shrike-thrush,,,,,,
ssp,u408e,Torresian Grey Shrike-thrush,,,,,,
sp,u411,Sandstone Shrike-thrush,,,,,,
sp,422,Western Whipbird,,,,,,
ssp,u422a,Kangaroo Island Western Whipbird,,,,,,
ssp,u422b,Mallee Whipbird,5b,,5b,Non-taxonomic change - common name ,,
ssp,u422c,Western Heath Whipbird,5b,,5b,Non-taxonomic change - common name ,,
ssp,u422d,Western Wheatbelt Whipbird,,,,,,
sp,421,Eastern Whipbird,,,,,,
ssp,u421a,Wet Tropics Eastern Whipbird,,,,,,
ssp,u421b,South-east Eastern Whipbird,,,,,,
sp,u865,Chiming Wedgebill,,,,,,
sp,u866,Chirruping Wedgebill,,,,,,
sp,u423,Ground Cuckoo-shrike,,,,,,
sp,428,Barred Cuckoo-shrike,,,,,,
ssp,u428,Australian Barred Cuckoo-shrike,,,,,,
sp,424,Black-faced Cuckoo-shrike,,,,,,
ssp,u424a,Mainland Black-faced Cuckoo-shrike,,,,,,
ssp,u424b,Tasmanian Black-faced Cuckoo-shrike,,,,,,
ssp,u424c,Pilbara Black-faced Cuckoo-shrike,,,,,,
sp,425,White-bellied Cuckoo-shrike,,,,,,
ssp,u425a,Tiwi White-bellied Cuckoo-shrike,5b,,5b,Non-taxonomic change - common name ,,
ssp,u425b,Eastern White-bellied Cuckoo-shrike,,,,,,
ssp,u425c,North-western White-bellied Cuckoo-shrike,,,,,,
ssp,u425d,Cape York White-bellied Cuckoo-shrike,,,,,,
ssp,u425e,South-eastern White-bellied Cuckoo-shrike,,,,,,
sp,429,Common Cicadabird,5a/b,,5a/b,Non-taxonomic change - scientific and common names,,
ssp,u429a,Northern Common Cicadabird,5a/b,,5a/b,Non-taxonomic change - scientific and common names,,
ssp,u429b,Eastern Common Cicadabird,5a/b,,5a/b,Non-taxonomic change - scientific and common names,,
sp,962,Long-tailed Triller,,,,,,
ssp,u962,Norfolk Island Long-tailed Triller,,,,,,
sp,u430,White-winged Triller,,,,,,
sp,431,Varied Triller,,,,,,
ssp,u431a,Eastern Varied Triller,,,,,,
ssp,u431b,Kimberley Varied Triller,,,,,,
ssp,u431c,Top End Varied Triller,,,,,,
ssp,u431d,Cape York Varied Triller,,,,,,
sp,696,Black Currawong,,,,,,
ssp,u696a,King Island Black Currawong,,,,,,
ssp,u696b,Tasmanian Black Currawong,,,,,,
ssp,u696c,Flinders Island Black Currawong,,,,,,
sp,694,Pied Currawong,,,,,,
ssp,u694a,Western Pied Currawong,5a,,5a,Non-taxonomic change - scientific name ,,
ssp,u694b,Lord Howe Pied Currawong,,,,,,
ssp,u694c,Eastern Pied Currawong,,,,,,
ssp,u694d,Cape York Pied Currawong,,,,,,
ssp,u694e,South-eastern Pied Currawong,5a,,5a,Non-taxonomic change - scientific name ,,
ssp,u694f,Wet Tropics Pied Currawong,,,,,,
sp,697,Grey Currawong,,,,,,
ssp,u697a,Clinking Currawong,5b,,5b,Non-taxonomic change - common name ,,
ssp,u697b,Kangaroo Island Grey Currawong,,,,,,
ssp,u697c,Brown Currawong,5b,,5b,Non-taxonomic change - common name ,,
ssp,u697d,Black-winged Currawong,5b,,5b,Non-taxonomic change - common name ,,
ssp,u697e,South-western Grey Currawong,,,,,,
ssp,u697f,South-eastern Grey Currawong,,,,,,
sp,701,Black Butcherbird,,,,,,
ssp,u701a,Papuan Black Butcherbird,,,,,,
ssp,u701b,Cape York Black Butcherbird,,,,,,
ssp,u701c,North-eastern Black Butcherbird,,,,,,
ssp,u701d,Top End Black Butcherbird,,,,,,
sp,705,Australian Magpie,,,,,,
ssp,u705a,South-western Australian Magpie,,,,,,
ssp,u705b,Northern Australian Magpie,,,,,,
ssp,u705c,Tasmanian Australian Magpie,,,,,,
ssp,u705d,Pilbara Australian Magpie,,,,,,
ssp,u705e,Eyre Peninsula Australian Magpie,,,,,,
ssp,u705f,Eastern Australian Magpie,,3b,,,3b,Subspecies split - parapatric
ssp,u705h,Southern Victoria Australian Magpie,,,,,,
sp,700,Pied Butcherbird,,,,,,
ssp,u700a,Eastern Pied Butcherbird,,,,,,
ssp,u700b,Western Pied Butcherbird,,,,,,
sp,702,Grey Butcherbird,1a,,1a,Species split - allopatric,,
ssp,u702a,Tasmanian Grey Butcherbird,1a,,1a,Species split - allopatric,,
ssp,u702b,South-eastern Grey Butcherbird,1a,,1a,Species split - allopatric,,
ssp,u702c,Inland Grey Butcherbird,1a,,1a,Species split - allopatric,,
sp,703,Silver-backed Butcherbird,1a,,1a,Species split - allopatric,,
ssp,u703a,Kimberley Silver-backed Butcherbird,1a,,1a,Species split - allopatric,,
ssp,u703b,Top End Silver-backed Butcherbird,1a,,1a,Species split - allopatric,,
sp,704,Black-backed Butcherbird,,,,,,
ssp,u704,Cape York Black-backed Butcherbird,,,,,,
sp,u544,Masked Woodswallow,,,,,,
sp,u545,White-browed Woodswallow,,,,,,
sp,547,Dusky Woodswallow,,,,,,
ssp,u547a,Eastern Dusky Woodswallow,,,,,,
ssp,u547b,South-western Dusky Woodswallow,,,,,,
sp,546,Black-faced Woodswallow,,,,,,
ssp,u546a,South-western Black-faced Woodswallow,,,,,,
ssp,u546b,Central Queensland Coast Black-faced Woodswallow,5a,,5a,Non-taxonomic change - scientific name ,,
ssp,u546c,Inland Black-faced Woodswallow,,,,,,
ssp,u546d,Cape York Black-faced Woodswallow,,,,,,
sp,548,Little Woodswallow,,,,,,
ssp,u548a,Northern Little Woodswallow,,,,,,
ssp,u548b,Western Little Woodswallow,,,,,,
sp,543,White-breasted Woodswallow,5a,,5a,Non-taxonomic change - scientific name ,,
ssp,u543,Torresian White-breasted Woodswallow,5a,,5a,Non-taxonomic change - scientific name ,,
sp,368,Yellow-breasted Boatbill,,,,,,
ssp,u368a,Cape York Yellow-breasted Boatbill,,,,,,
ssp,u368b,Wet Tropics Yellow-breasted Boatbill,,,,,,
sp,363,Northern Fantail,5a,,5a,Non-taxonomic change - scientific name ,,
ssp,u363a,Papuan Northern Fantail,5a,,5a,Non-taxonomic change - scientific name ,,
ssp,u363b,Australian Northern Fantail,5a,,5a,Non-taxonomic change - scientific name ,,
sp,364,Willie Wagtail,,,,,,
ssp,u364a,Southern Willie Wagtail,,,,,,
ssp,u364b,Papuan Willie Wagtail,,,,,,
ssp,u364c,Northern Willie Wagtail,,,,,,
sp,362,Rufous Fantail,1a,,1a,Species split - allopatric,,
ssp,u362a,North-eastern Rufous Fantail,,,,,,
ssp,u362b,Southern Rufous Fantail,,,,,,
sp,718,Arafura Fantail,1a,,1a,Species split - allopatric,,
ssp,u718a,Australian Arafura Fantail,1a,,1a,Species split - allopatric,,
sp,u826,Mangrove Fantail,5b,,5b,Non-taxonomic change - common name ,,
sp,361,Grey Fantail,1a,,1a,Species split - allopatric,,
ssp,u361a,Inland Grey Fantail,5a,,5a,Non-taxonomic change - scientific name ,,
ssp,u361b,Tasmanian Grey Fantail,5a,,5a,Non-taxonomic change - scientific name ,,
ssp,u361c,South-eastern Grey Fantail,5a,,5a,Non-taxonomic change - scientific name ,,
ssp,u361d,North-eastern Grey Fantail,5a/c,,5a/c,Non-taxonomic change - scientific name  and taxon_id,,
ssp,u361e,Norfolk Island Grey Fantail,5a,,5a,Non-taxonomic change - scientific name ,,
ssp,u361f,South-western Grey Fantail,5a,,5a,Non-taxonomic change - scientific name ,,
sp,719,New Zealand Fantail,1a,,1a,Species split - allopatric,,
ssp,u719,Lord Howe Fantail,1a,,1a,Species split - allopatric,,
sp,673,Spangled Drongo,,,,,,
ssp,u673a,North-eastern Spangled Drongo,,,,,,
ssp,u673b,North-western Spangled Drongo,,,,,,
ssp,u673c,Southern Spangled Drongo,,,,,,
ssp,u673d,Papuan Spangled Drongo,,,,,,
sp,365,Leaden Flycatcher,,,,,,
ssp,u365a,North-western Leaden Flycatcher,,,,,,
ssp,u365b,Cape York Leaden Flycatcher,,,,,,
ssp,u365e,Papuan Leaden Flycatcher,,,,,,
ssp,u365c,South-eastern Leaden Flycatcher,,,,,,
ssp,u365d,Eastern Leaden Flycatcher,,,,,,
sp,367,Broad-billed Flycatcher,,,,,,
ssp,u367,Torresian Broad-billed Flycatcher,,,,,,
sp,u366,Satin Flycatcher,,,,,,
sp,372,Shining Flycatcher,,,,,,
ssp,u372a,North-western Shining Flycatcher,,,,,,
ssp,u372b,Eastern Shining Flycatcher,,,,,,
sp,u722,Paperbark Flycatcher,1b,,1b,Species split - parapatric,,
sp,u728,Restless Flycatcher,1b,,1b,Species split - parapatric,,
sp,u371,Frill-necked Monarch,1a,,1a,Species split - allopatric,,
sp,370,Pied Monarch,,,,,,
ssp,u370a,Southern Pied Monarch,,,,,,
ssp,u370b,Northern Pied Monarch,,,,,,
sp,415,Magpie-lark,,,,,,
ssp,u415a,Southern Magpie-lark,,,,,,
ssp,u415b,Northern Magpie-lark,,,,,,
sp,375,Spectacled Monarch,,,,,,
ssp,u375a,Cape York Spectacled Monarch,,4a,,,4a,Subspecies lump - allopatric
ssp,u375b,Southern Spectacled Monarch,,4a,,,4a,Subspecies lump - allopatric
sp,u376,White-eared Monarch,,,,,,
sp,374,Black-winged Monarch,,,,,,
ssp,u374,Australian Black-winged Monarch,,,,,,
sp,u373,Black-faced Monarch,,,,,,
sp,692,Torresian Crow,,,,,,
ssp,u692a,Australian Torresian Crow,,,,,,
ssp,u692b,Papuan Torresian Crow,,,,,,
sp,u691,Little Crow,,,,,,
sp,u954,Little Raven,,,,,,
sp,868,Forest Raven,,,,,,
ssp,u868a,New England Forest Raven,,,,,,
ssp,u868b,Southern Forest Raven,,,,,,
sp,930,Australian Raven,,,,,,
ssp,u930a,Eastern Australian Raven,,,,,,
ssp,u930b,Western Australian Raven,,,,,,
sp,693,White-winged Chough,,,,,,
ssp,u693a,Eastern White-winged Chough,,,,,,
ssp,u693b,South Australian White-winged Chough,,,,,,
sp,675,Apostlebird,,,,,,
ssp,u675a,Southern Apostlebird,,,,,,
ssp,u675b,Northern Apostlebird,,,,,,
sp,689,Trumpet Manucode,,,,,,
ssp,u689a,Cape York Trumpet Manucode,,,,,,
sp,u686,Paradise Riflebird,5a,,5a,Non-taxonomic change - scientific name ,,
sp,u687,Victoria's Riflebird,,,,,,
sp,688,Magnificent Riflebird,5a,,5a,Non-taxonomic change - scientific name ,,
ssp,u688,Australian Magnificent Riflebird,5a,,5a,Non-taxonomic change - scientific name ,,
sp,u384,Rose Robin,,,,,,
sp,383,Pink Robin,,,,,,
ssp,u383a,Mainland Pink Robin,,,,,,
ssp,u383b,Tasmanian Pink Robin,,,,,,
sp,u382,Flame Robin,,,,,,
sp,380,Scarlet Robin,1a,,1a,Species split - allopatric,,
ssp,u380a,Eastern Scarlet Robin,5a,,5a,Non-taxonomic change - scientific name ,,
ssp,u380b,South-western Scarlet Robin,5a,,5a,Non-taxonomic change - scientific name ,,
ssp,u380c,Tasmanian Scarlet Robin,5a,,5a,Non-taxonomic change - scientific name ,,
sp,u714,Norfolk Island Robin,1a,,1a,Species split - allopatric,,
sp,u381,Red-capped Robin,,,,,,
sp,395,Yellow-legged Flycatcher,,,,,,
ssp,u395,Australian Yellow-legged Flycatcher,,,,,,
sp,379,Lemon-bellied Flycatcher,1a,2a,1a,Species split - allopatric,2a,Species lump - allopatric
ssp,u379a,North-central Lemon-bellied Flycatcher,,,,,,
ssp,u379b,Torresian Lemon-bellied Flycatcher,,,,,,
ssp,u379c,South-eastern Lemon-bellied Flycatcher,,,,,,
ssp,u379d,Kimberley Lemon-bellied Flycatcher,1a,2a,1a,Species split - allopatric,2a,Species lump - allopatric
sp,377,Jacky Winter,,,,,,
ssp,u377a,Southern Jacky Winter,,,,,,
ssp,u377b,Eastern Jacky Winter,,,,,,
ssp,u377c,Northern Jacky Winter,,,,,,
sp,u442,Northern Scrub-robin,4c,,4c,Subspecies lump - indeterminate/unknown,,
sp,u441,Southern Scrub-robin,,,,,,
sp,u390,White-browed Robin,,,,,,
sp,u391,Buff-sided Robin,,,,,,
sp,u389,Grey-headed Robin,1a,,1a,Species split - allopatric,,
sp,392,Eastern Yellow Robin,,,,,,
ssp,u392a,South-eastern Yellow Robin,,,,,,
ssp,u392b,North-eastern Yellow Robin,5a,,5a,Non-taxonomic change - scientific name ,,
sp,394,Western Yellow Robin,,,,,,
ssp,u394a,South-western Yellow Robin,,,,,,
ssp,u394b,Eyre Peninsula Yellow Robin,,,,,,
sp,u387,White-breasted Robin,,,,,,
sp,397,White-faced Robin,,,,,,
ssp,u397,Australian White-faced Robin,,,,,,
sp,396,Pale-yellow Robin,,,,,,
ssp,u396a,Southern Pale-yellow Robin,,,,,,
ssp,u396b,Northern Pale-yellow Robin,,,,,,
sp,385,Hooded Robin,,,,,,
ssp,u385a,South-eastern Hooded Robin,,,,,,
ssp,u385b,Tiwi Hooded Robin,5b,,5b,Non-taxonomic change - common name ,,
ssp,u385c,Northern Hooded Robin,,,,,,
ssp,u385d,Western Hooded Robin,,,,,,
sp,386,Dusky Robin,,,,,,
ssp,u386a,King Island Dusky Robin,,,,,,
ssp,u386b,Tasmanian Dusky Robin,,,,,,
sp,388,Mangrove Robin,5a,,5a,Non-taxonomic change - scientific name ,,
ssp,u388a,Top End Mangrove Robin,5a,,5a,Non-taxonomic change - scientific name ,,
ssp,u388b,Western Mangrove Robin,5a,,5a,Non-taxonomic change - scientific name ,,
ssp,u388c,Eastern Mangrove Robin,5a,,5a,Non-taxonomic change - scientific name ,,
ssp,u388d,Papuan Mangrove Robin,5a,,5a,Non-taxonomic change - scientific name ,,
sp,648,Horsfield's Bushlark,,,,,,
ssp,u648a,Wet Tropics Horsfield's Bushlark,,,,,,
ssp,u648b,Kimberley Horsfield's Bushlark,,,,,,
ssp,u648c,Dampierland Horsfield's Bushlark,,,,,,
ssp,u648d,Eastern Horsfield's Bushlark,,,,,,
ssp,u648e,Tiwi Horsfield's Bushlark,5b,,5b,Non-taxonomic change - common name ,,
ssp,u648f,Western Queensland Horsfield's Bushlark,,,,,,
ssp,u648g,South Australian Horsfield's Bushlark,,,,,,
ssp,u648h,Top End Horsfield's Bushlark,,,,,,
ssp,u648i,Pilbara Horsfield's Bushlark,,,,,,
sp,993,Eurasian Skylark,,,,,,
ssp,u993,European Eurasian Skylark,,,,,,
sp,969,Zitting Cisticola,,,,,,
ssp,u969a,Eastern Zitting Cisticola,,,,,,
ssp,u969b,Top End Zitting Cisticola,,,,,,
ssp,u969c,Normanton Zitting Cisticola,,,,,,
sp,525,Golden-headed Cisticola,,,,,,
ssp,u525a,Northern Golden-headed Cisticola,,,,,,
ssp,u525b,North-eastern Golden-headed Cisticola,5a,,5a,Non-taxonomic change - scientific name ,,
ssp,u525c,South-eastern Golden-headed Cisticola,,,,,,
ssp,u525d,North-western Golden-headed Cisticola,,,,,,
sp,u872,Oriental Reed-Warbler,1a,,1a,Species split - allopatric,,
sp,524,Australian Reed-Warbler,,,,,,
ssp,u524a,Eastern Australian Reed-Warbler,,4b,,,4b,Subspecies lump - parapatric
ssp,u524b,Western Australian Reed-Warbler,3b,4b,3b,Subspecies split - parapatric,4b,Subspecies lump - parapatric
sp,u508,Brown Songlark,,,,,,
sp,u509,Rufous Songlark,,,,,,
sp,523,Tawny Grassbird,,,,,,
ssp,u523,Australian Tawny Grassbird,,,,,,
sp,522,Little Grassbird,,,,,,
ssp,u522a,Eastern Little Grassbird,,,,,,
ssp,u522b,Tasmanian Little Grassbird,,,,,,
ssp,u522c,Western Little Grassbird,,,,,,
sp,u507,Spinifexbird,,,,,,
sp,u358,White-backed Swallow,,,,,,
sp,u360,Fairy Martin,,,,,,
sp,359,Tree Martin,,,,,,
ssp,u359a,Mainland Tree Martin,,,,,,
ssp,u359b,Tasmanian Tree Martin,,,,,,
sp,357,Welcome Swallow,,,,,,
ssp,u357a,Western Welcome Swallow,,,,,,
ssp,u357b,Eastern Welcome Swallow,,,,,,
sp,879,Barn Swallow,,,,,,
ssp,u879,Eastern Barn Swallow,,,,,,
sp,990,Red-whiskered Bulbul,,,,,,
ssp,u990,Chinese Red-whiskered Bulbul,,,,,,
sp,577,Ashy-bellied White-eye,,,,,,
ssp,u577,Arafura Ashy-bellied White-eye,,,,,,
sp,576,Australian Yellow White-eye,5b,,5b,Non-taxonomic change - common name ,,
ssp,u576a,Western Australian Yellow White-eye,5b,,5b,Non-taxonomic change - common name ,,
ssp,u576b,Northern Australian Yellow White-eye,5b,,5b,Non-taxonomic change - common name ,,
sp,574,Silvereye,,,,,,
ssp,u574a,Capricorn Silvereye,5b,,5b,Non-taxonomic change - common name ,,
ssp,u574b,Western Silvereye,5b,,5b,Non-taxonomic change - common name ,,
ssp,u574c,Eastern Silvereye,,,,,,
ssp,u574d,Tasmanian Silvereye,,,,,,
ssp,u574e,King Island Silvereye,,,,,,
ssp,u574f,South Australian Silvereye,,,,,,
ssp,u574g,Lord Howe Silvereye,,,,,,
ssp,u574h,North-eastern Silvereye,,,,,,
ssp,u574i,South-eastern Silvereye,,,,,,
sp,u956,Christmas Island White-eye,,,,,,
sp,u961,White-chested White-eye,,,,,,
sp,u960,Slender-billed White-eye,,,,,,
sp,u943,Robust White-eye,,,,,,
sp,999,Common Starling,,,,,,
ssp,u999,European Common Starling,,,,,,
sp,998,Common Myna,,,,,,
ssp,u998,Indian Common Myna,,,,,,
sp,674,Metallic Starling,,,,,,
ssp,u674,Torresian Metallic Starling,,,,,,
sp,u724,Singing Starling,,,,,,
sp,733,Tasman Starling,,,,,,
ssp,u733a,Norfolk Island Tasman Starling,,,,,,
ssp,u733b,Lord Howe Tasman Starling,,,,,,
sp,779,Bassian Thrush,,,,,,
ssp,u779a,Wet Tropics Bassian Thrush,,,,,,
ssp,u779b,Western Bassian Thrush,5b,,5b,Non-taxonomic change - common name ,,
ssp,u779c,South-eastern Bassian Thrush,,,,,,
sp,780,Russet-tailed Thrush,,,,,,
ssp,u780,Australian Russet-tailed Thrush,,,,,,
sp,992,Song Thrush,,,,,,
ssp,u992,European Song Thrush,,,,,,
sp,991,Common Blackbird,,,,,,
ssp,u991,European Common Blackbird,,,,,,
sp,936,Island Thrush,,1a,,,1a,Species split - allopatric
ssp,u936b,Norfolk Island Thrush,,,,,,
ssp,u936c,Lord Howe Thrush,,,,,,
sp,u5154,Christmas Island Thrush,,1a,,,1a,Species split - allopatric
sp,564,Mistletoebird,,1a,,,1a,Species split - allopatric
ssp,u564,Australian Mistletoebird,,1a,,,1a,Species split - allopatric
sp,751,Red-capped Flowerpecker,,,,,,
ssp,u751,Papuan Red-capped Flowerpecker,,,,,,
sp,572,Olive-backed Sunbird,,5a,,,5a,Non-taxonomic change - scientific name 
ssp,u572,Australian Olive-backed Sunbird,,5a,,,5a,Non-taxonomic change - scientific name 
sp,983,Nutmeg Mannikin,,,,,,
ssp,u983,Chinese Nutmeg Mannikin,,,,,,
sp,u658,Yellow-rumped Mannikin,,,,,,
sp,657,Chestnut-breasted Mannikin,,,,,,
ssp,u657,Australian Chestnut-breasted Mannikin,,,,,,
sp,u806,Java Sparrow,,,,,,
sp,u659,Pictorella Mannikin,,,,,,
sp,650,Beautiful Firetail,4a,,4a,Subspecies lump - allopatric,,
ssp,u650a,South-eastern Beautiful Firetail,,,,,,
ssp,u650b,Glenelg Beautiful Firetail,,,,,,
ssp,u650c,Western Beautiful Firetail,,3a,,,3a,Subspecies split - allopatric
sp,u651,Red-eared Firetail,,,,,,
sp,u652,Diamond Firetail,,,,,,
sp,u654,Painted Finch,,,,,,
sp,662,Red-browed Finch,,,,,,
ssp,u662a,Cape York Red-browed Finch,,,,,,
ssp,u662b,Southern Red-browed Finch,,,,,,
sp,664,Crimson Finch,,4a,,,4a,Subspecies lump - allopatric
ssp,u664a,Black-bellied Crimson Finch,1a,4a,1a,Species split - allopatric,4a,Subspecies lump - allopatric
ssp,u665b,White-bellied Crimson Finch,1a,4a,1a,Species split - allopatric,4a,Subspecies lump - allopatric
sp,663,Star Finch,,,,,,
ssp,u663a,Cape York Star Finch,,,,,,
ssp,u663b,Southern Star Finch,,,,,,
ssp,u663c,Western Star Finch,,,,,,
sp,u661,Plum-headed Finch,,,,,,
sp,669,Masked Finch,,,,,,
ssp,u669a,Cape York Masked Finch,,,,,,
ssp,u669b,Western Masked Finch,,,,,,
sp,666,Long-tailed Finch,,,,,,
ssp,u666a,Western Long-tailed Finch,,,,,,
ssp,u666b,Eastern Long-tailed Finch,,,,,,
sp,667,Black-throated Finch,,,,,,
ssp,u667a,Northern Black-throated Finch,,,,,,
ssp,u667b,Southern Black-throated Finch,,,,,,
sp,u653,Zebra Finch,4a,,4a,Subspecies lump - allopatric,,
sp,655,Double-barred Finch,,,,,,
ssp,u655a,Western Double-barred Finch,,,,,,
ssp,u655b,Eastern Double-barred Finch,,,,,,
sp,660,Blue-faced Parrot-Finch,,,,,,
ssp,u660a,Torresian Blue-faced Parrot-Finch,5b,3a,5b,Non-taxonomic change - common name ,3a,Subspecies split - allopatric
ssp,u660b,Wet Tropics Blue-faced Parrot-Finch,,3a,,,3a,Subspecies split - allopatric
sp,u670,Gouldian Finch,,,,,,
sp,995,House Sparrow,,,,,,
ssp,u995,European House Sparrow,,,,,,
sp,994,Eurasian Tree Sparrow,,,,,,
ssp,u994,Eurasian Tree Sparrow (ssp),,,,,,
sp,647,Australian Pipit,,1a,,,1a,Species split - allopatric
ssp,u647a,Central Australian Pipit,,1a,,,1a,Species split - allopatric
ssp,u647b,South-western Australian Pipit,,1a,,,1a,Species split - allopatric
ssp,u647c,Tasmanian Australian Pipit,,1a,,,1a,Species split - allopatric
ssp,u647d,Northern Australian Pipit,,1a,,,1a,Species split - allopatric
sp,877,Eastern Yellow Wagtail,1a,,1a,Species split - allopatric,,
ssp,u877b,East Siberian Yellow Wagtail,1a,,1a,Species split - allopatric,,
ssp,u877c,Green-headed Wagtail,1a,,1a,Species split - allopatric,,
sp,997,Common Greenfinch,,,,,,
ssp,u997,Common Greenfinch (ssp),,,,,,
sp,790,Redpoll,,,,,,
sp,996,European Goldfinch,,,,,,
ssp,u996,European Goldfinch (ssp),,,,,,
hybrid,816,Black Duck-Mallard hybrid,,,,,,
hybrid,822,Cox's Sandpiper,,,,,,
group,5141,Purple-backed Fairy-wren/Central East Coast Variegated Fairy-wren,,,,,,
group,5142,Purple-backed Fairy-wren/Kimberley Lavender-flanked Fairy-wren,,,,,,
group,5145,Purple-backed Fairy-wren/Top End Lavender-flanked Fairy-wren,,,,,,
hybrid,5120,Black-eared Miner x Yellow-throated Miner (hybrid),,,,,,
sp,u869,Red Bishop,,,,,,
sp,u873,Red-vented Bulbul,,,,,,
sp,u951,White-winged Widowbird,,,,,,
sp,987,Weka,,,,,,
ssp,u987,Stewart Island Weka,,,,,,
sp,u5000,Chukar partridge,,,,,,
sp,u5029,Asian Golden Weaver,,,,,,
